A,b,a,c,a
A,b,a,c,k
A,b,a,c,k
A,b,a,c,k
A,b,a,c,k
A,b,a,c,i
A,b,a,d,a
A,b,a,f,t
A,b,a,f,t
A,b,a,n,d
A,b,a,n,d
A,b,a,s,e
A,b,a,s,e
A,b,a,s,h
A,b,a,t,e
A,b,a,t,e
A,b,a,t,e
A,b,a,t,e
A,b,a,t,e
A,b,a,t,e
A,b,a,t,e
A,b,a,t,e
A,b,a,t,e
A,b,a,t,e
A,b,b,e,y
A,b,b,e,y
A,b,b,o,t
A,b,b,o,t
A,b,d,a,l
A,b,e,a,m
A,b,e,a,r
A,b,e,a,r
A,b,e,l,e
A,b,e,r,r
A,b,h,a,l
A,b,h,o,r
A,b,h,o,r
A,b,h,o,r
A,b,h,o,r
A,b,o,d,e
A,b,i,d,e
A,b,i,d,e
A,b,i,d,e
A,b,i,d,e
A,b,i,d,e
A,b,i,d,e
A,b,i,d,e
A,b,i,e,s
A,b,i,m,e
A,b,y,m,e
A,b,l,e,r
A,b,l,e,r
A,b,l,e,t
A,b,l,e,n
A,b,n,e,t
A,b,o,d,e
A,b,o,d,e
A,b,o,d,e
A,b,o,d,e
A,b,o,d,e
A,b,o,d,e
A,b,o,d,e
A,b,o,m,a
A,b,o,o,n
A,b,o,r,d
A,b,o,r,d
A,b,o,r,t
A,b,o,r,t
A,b,o,r,t
A,b,o,r,t
A,b,o,u,t
A,b,o,u,t
A,b,o,u,t
A,b,o,u,t
A,b,o,u,t
A,b,o,u,t
A,b,o,u,t
A,b,o,u,t
A,b,o,u,t
A,b,o,u,t
A,b,o,u,t
A,b,o,u,t
A,b,o,v,e
A,b,o,v,e
A,b,o,v,e
A,b,o,v,e
A,b,o,v,e
A,b,o,v,e
A,b,o,v,e
A,b,r,a,y
A,b,s,i,s
A,b,u,n,a
A,b,u,s,e
A,b,u,s,e
A,b,u,s,e
A,b,u,s,e
A,b,u,s,e
A,b,u,s,e
A,b,u,s,e
A,b,u,s,e
A,b,u,s,e
A,b,u,s,e
A,b,u,s,e
A,b,u,z,z
A,b,y,s,m
A,b,y,s,s
A,b,y,s,s
A,b,y,s,s
A,c,a,r,i
A,c,c,o,y
A,c,c,o,y
A,c,e,r,b
A,c,h,e,d
A,c,i,n,i
A,c,o,c,k
A,c,o,l,d
A,c,o,r,n
A,c,o,r,n
A,c,o,r,n
A,c,r,e,d
A,c,r,i,d
A,c,r,i,d
A,c,r,i,d
A,c,t,e,d
A,c,t,o,n
A,c,t,o,r
A,c,t,o,r
A,c,t,o,r
A,c,t,o,r
A,c,u,t,e
A,c,u,t,e
A,c,u,t,e
A,c,u,t,e
A,c,u,t,e
A,c,u,t,e
A,d,a,c,t
A,d,a,g,e
A,d,a,p,t
A,d,a,p,t
A,d,a,y,s
A,d,d,e,d
A,d,d,a,x
A,d,d,e,r
A,d,d,e,r
A,d,d,e,r
A,d,d,e,r
A,d,d,e,r
A,d,d,l,e
A,d,d,l,e
A,d,d,l,e
A,d,d,l,e
A,d,d,l,e
A,d,d,l,e
A,d,e,e,m
A,d,e,p,s
A,d,e,p,t
A,d,e,p,t
A,d,i,e,u
A,d,i,e,u
A,d,m,i,t
A,d,m,i,t
A,d,m,i,t
A,d,m,i,t
A,d,m,i,t
A,d,m,i,x
A,d,o,b,e
A,d,o,o,r
A,d,o,p,t
A,d,o,p,t
A,d,o,r,e
A,d,o,r,e
A,d,o,r,e
A,d,o,r,n
A,d,o,r,n
A,d,o,r,n
A,d,o,w,n
A,d,o,w,n
A,d,r,a,d
A,d,r,i,p
A,d,u,l,t
A,d,u,l,t
A,d,u,n,c
A,d,u,r,e
A,d,u,s,t
A,d,u,s,t
A,d,u,s,t
A,d,y,t,a
A,e,g,i,s
A,e,r,i,e
A,f,f,i,x
A,f,f,i,x
A,f,f,i,x
A,f,f,i,x
A,f,f,i,x
A,f,i,r,e
A,f,l,a,t
A,f,l,o,w
A,f,o,a,m
A,f,o,o,t
A,f,o,o,t
A,f,o,r,e
A,f,o,r,e
A,f,o,r,e
A,f,o,r,e
A,f,o,u,l
A,f,r,i,c
A,f,r,i,c
A,f,r,i,t
A,f,t,e,r
A,f,t,e,r
A,f,t,e,r
A,f,t,e,r
A,f,t,e,r
A,f,t,e,r
A,f,t,e,r
A,f,t,e,r
A,f,t,e,r
A,f,t,e,r
A,f,t,e,r
A,f,t,e,r
A,f,t,e,r
A,f,t,e,r
A,g,a,i,n
A,g,a,i,n
A,g,a,i,n
A,g,a,i,n
A,g,a,i,n
A,g,a,i,n
A,g,a,i,n
A,g,a,m,a
A,g,a,m,i
A,g,a,p,e
A,g,a,p,e
A,g,a,s,p
A,g,a,s,t
A,g,a,s,t
A,g,a,t,e
A,g,a,t,e
A,g,a,t,e
A,g,a,t,e
A,g,a,t,e
A,g,a,t,y
A,g,a,v,e
A,g,i,n,g
A,g,e,n,d
A,g,e,n,t
A,g,e,n,t
A,g,e,n,t
A,g,e,n,t
A,g,g,e,r
A,g,g,r,y
A,g,g,r,i
A,g,i,l,e
A,g,i,o,s
A,g,i,s,t
A,g,l,e,t
A,g,l,e,y
A,g,l,o,w
A,g,n,u,s
A,g,o,n,e
A,g,o,n,e
A,g,o,n,y
A,g,o,n,y
A,g,o,n,y
A,g,o,n,y
A,g,o,o,d
A,g,o,r,a
A,g,r,e,e
A,g,r,e,e
A,g,r,e,e
A,g,r,e,e
A,g,r,e,e
A,g,r,e,e
A,g,r,e,e
A,g,r,e,e
A,g,r,e,e
A,g,r,i,n
A,g,r,o,m
A,g,u,e,d
A,g,u,s,h
A,h,e,a,d
A,h,e,a,d
A,h,e,a,p
A,h,i,g,h
A,h,o,l,d
A,h,u,l,l
A,i,d,e,d
A,i,d,e,r
A,i,g,r,e
A,i,l,e,d
A,i,m,e,d
A,i,m,e,r
A,i,n,',t
A,i,r,e,d
A,i,r,e,r
A,i,r,e,r
A,i,s,l,e
A,i,s,l,e
A,i,s,l,e
A,i,t,c,h
A,k,e,n,e
A,k,n,e,e
A,k,n,o,w
A,l,a,c,k
A,l,a,n,d
A,l,a,r,m
A,l,a,r,m
A,l,a,r,m
A,l,a,r,m
A,l,a,r,m
A,l,a,r,m
A,l,a,r,m
A,l,a,r,m
A,l,a,r,y
A,l,a,t,e
A,l,a,t,e
A,l,b,a,n
A,l,b,e,e
A,l,b,u,m
A,l,b,u,m
A,l,b,u,m
A,l,b,y,n
A,l,d,a,y
A,l,d,e,r
A,l,d,e,r
A,l,l,e,r
A,l,e,a,k
A,l,e,r,t
A,l,e,r,t
A,l,e,r,t
A,l,f,e,t
A,l,g,a,e
A,l,g,a,l
A,l,g,i,d
A,l,g,o,l
A,l,g,o,r
A,l,g,u,m
A,l,i,a,s
A,l,i,a,s
A,l,i,a,s
A,l,i,a,s
A,l,i,b,i
A,l,i,e,n
A,l,i,e,n
A,l,i,e,n
A,l,i,e,n
A,l,i,e,n
A,l,i,f,e
A,l,i,g,n
A,l,i,g,n
A,l,i,k,e
A,l,i,k,e
A,l,i,n,e
A,l,i,s,h
A,l,i,v,e
A,l,i,v,e
A,l,i,v,e
A,l,i,v,e
A,l,i,v,e
A,l,i,v,e
A,l,l,a,h
A,l,l,a,y
A,l,l,a,y
A,l,l,a,y
A,l,l,a,y
A,l,l,a,y
A,l,l,a,y
A,l,l,e,r
A,l,l,e,y
A,l,l,e,y
A,l,l,e,y
A,l,l,e,y
A,l,l,e,y
A,l,l,e,y
A,l,l,i,s
A,l,l,o,d
A,l,l,o,o
A,l,l,o,t
A,l,l,o,t
A,l,l,o,w
A,l,l,o,w
A,l,l,o,w
A,l,l,o,w
A,l,l,o,w
A,l,l,o,w
A,l,l,o,w
A,l,l,o,w
A,l,l,o,y
A,l,l,o,y
A,l,l,o,y
A,l,l,o,y
A,l,l,o,y
A,l,l,o,y
A,l,l,o,y
A,l,l,o,y
A,l,l,y,l
A,l,m,a,h
A,l,m,a,n
A,l,m,a,n
A,l,m,a,n
A,l,m,a,n
A,l,m,e,h
A,l,m,r,y
A,l,m,u,g
A,l,g,u,m
A,l,o,e,s
A,l,o,f,t
A,l,o,f,t
A,l,o,f,t
A,l,o,g,y
A,l,o,i,n
A,l,o,n,e
A,l,o,n,e
A,l,o,n,e
A,l,o,n,e
A,l,o,n,e
A,l,o,n,g
A,l,o,n,g
A,l,o,n,g
A,l,o,n,g
A,l,o,n,g
A,l,o,o,f
A,l,o,o,f
A,l,o,o,f
A,l,o,o,f
A,l,o,s,e
A,l,o,s,e
A,l,o,u,d
A,l,p,e,n
A,l,p,h,a
A,l,p,i,a
A,l,t,a,r
A,l,t,a,r
A,l,t,e,r
A,l,t,e,r
A,l,t,e,r
A,l,t,e,r
A,l,t,h,o
A,l,t,o,s
A,l,u,l,a
A,l,u,r,e
A,l,v,e,i
A,l,w,a,y
A,m,a,i,n
A,m,a,i,n
A,m,a,i,n
A,m,a,i,n
A,m,a,s,s
A,m,a,s,s
A,m,a,t,e
A,m,a,t,e
A,m,a,z,e
A,m,a,z,e
A,m,a,z,e
A,m,a,z,e
A,m,b,e,r
A,m,b,e,r
A,m,b,e,r
A,m,b,e,r
A,m,b,e,r
A,m,b,e,r
A,m,b,e,r
A,m,b,e,r
B,a,b,e,l
B,a,b,e,l
B,a,b,o,o
B,a,c,k,s
B,a,c,o,n
B,a,d,g,e
B,a,d,g,e
B,a,d,g,e
B,a,d,g,e
C,a,a,b,a
C,a,b,a,l
C,a,b,a,l
C,a,b,a,l
C,a,b,a,l
C,a,b,a,l
C,a,b,a,s
C,a,b,e,r
C,a,b,i,n
C,a,b,i,n
C,a,b,i,n
C,a,b,i,n
C,a,b,i,n
C,a,b,l,e
C,a,b,l,e
C,a,b,l,e
C,a,b,l,e
C,a,b,l,e
C,a,b,l,e
C,a,b,o,b
C,a,b,o,b
C,a,b,o,b
C,a,c,a,o
C,a,c,h,e
C,a,c,t,i
C,a,d,d,y
C,a,d,e,r
C,a,d,e,t
C,a,d,e,t
C,a,d,e,t
C,a,d,e,w
C,a,d,g,e
C,a,d,g,e
C,a,d,g,e
C,a,d,g,e
C,a,d,g,y
C,a,d,i,e
C,a,d,i,s
C,a,d,r,e
C,a,e,c,a
C,a,e,c,a
C,a,g,e,d
C,a,g,e,d
C,a,g,i,t
C,a,g,o,t
C,a,i,r,d
C,a,i,r,n
C,a,i,r,n
C,a,k,e,d
C,a,l,i,d
C,a,l,i,f
C,a,l,i,n
C,a,l,i,x
C,a,l,l,a
C,a,l,l,e
C,a,l,m,y
E,a,g,e,r
E,a,g,e,r
E,a,g,e,r
E,a,g,e,r
E,a,g,e,r
E,a,g,l,e
E,a,g,l,e
E,a,g,l,e
E,a,g,l,e
E,a,g,r,e
E,a,r,e,d
E,a,r,a,l
E,a,r,e,d
E,a,r,e,d
E,a,r,l,y
E,a,r,l,y
E,a,r,l,y
E,a,r,s,h
E,a,r,s,t
E,a,r,t,h
E,a,r,t,h
E,a,r,t,h
E,a,r,t,h
E,a,r,t,h
E,a,r,t,h
E,a,r,t,h
E,a,r,t,h
E,a,r,t,h
E,a,r,t,h
E,a,r,t,h
E,a,r,t,h
E,a,r,t,h
E,a,s,e,d
E,a,s,e,l
E,a,t,e,n
E,a,t,e,r
E,a,v,e,s
E,a,v,e,s
E,a,v,e,s
E,b,b,e,d
E,b,l,i,s
E,b,o,n,y
E,b,o,n,y
E,c,c,l,e
E,c,h,o,n
E,c,l,a,t
E,c,l,a,t
F,a,b,l,e
F,a,b,l,e
F,a,b,l,e
F,a,b,l,e
F,a,b,l,e
F,a,b,l,e
F,a,c,e,d
F,a,c,e,d
F,a,s,e,r
F,a,s,e,r
F,a,c,e,t
F,a,c,e,t
F,a,c,e,t
F,a,c,e,t
F,a,c,e,t
F,a,c,i,a
F,a,c,t,o
F,a,c,t,a
F,a,d,e,d
F,a,d,e,d
F,a,d,e,r
F,a,d,g,e
F,a,d,g,e
F,a,d,m,e
F,a,e,r,y
F,a,g,o,t
F,a,g,o,t
F,a,g,o,t
F,a,g,o,t
F,a,g,o,t
F,a,g,o,t
F,a,h,a,m
F,a,i,n,t
F,a,i,n,t
F,a,i,n,t
F,a,i,n,t
F,a,i,n,t
F,a,i,n,t
F,a,i,n,t
F,a,i,n,t
F,a,i,n,t
F,a,i,r,y
F,a,i,r,y
F,a,i,r,y
F,a,i,r,y
F,a,i,r,y
F,a,i,r,y
F,a,i,t,h
F,a,i,t,h
F,a,i,t,h
F,a,i,t,h
F,a,i,t,h
F,a,i,t,h
F,a,i,t,h
F,a,i,t,h
F,a,i,t,h
F,a,k,i,r
F,a,l,s,e
F,a,l,s,e
F,a,l,s,e
F,a,l,s,e
F,a,l,s,e
F,a,l,s,e
F,a,l,s,e
F,a,l,s,e
F,a,l,s,e
F,a,l,s,e
F,a,l,s,e
F,a,l,s,e
F,a,l,w,e
F,a,m,e,d
F,a,n,a,l
F,a,n,c,y
F,a,n,c,y
F,a,n,c,y
F,a,n,c,y
F,a,n,c,y
F,a,n,c,y
F,a,n,c,y
F,a,n,c,y
F,a,n,c,y
F,a,n,c,y
F,a,n,c,y
F,a,n,c,y
F,a,n,c,y
F,a,n,o,n
F,a,r,a,d
F,a,r,c,e
F,a,r,c,e
F,a,r,c,e
F,a,r,c,e
F,a,r,c,e
F,a,r,c,e
F,a,r,c,y
F,a,r,e,d
F,a,r,e,n
F,a,r,r,y
F,a,r,s,e
F,a,s,t,i
F,a,s,t,i
F,a,t,a,l
F,a,t,a,l
F,a,t,a,l
F,a,t,e,d
F,a,t,e,d
F,a,t,e,d
F,a,t,l,y
F,a,t,t,y
F,a,u,g,h
F,a,u,l,d
F,a,u,l,e
F,a,u,l,t
F,a,u,l,t
F,a,u,l,t
F,a,u,l,t
F,a,u,l,t
F,a,u,l,t
F,a,u,l,t
F,a,u,l,t
F,a,u,l,t
F,a,u,l,t
F,a,u,n,a
F,a,u,n,i
F,a,v,a,s
F,a,v,e,l
F,a,v,e,l
F,a,v,e,l
F,a,v,o,r
F,a,v,o,r
F,a,v,o,r
F,a,v,o,r
F,a,v,o,r
F,a,v,o,r
F,a,v,o,r
F,a,v,o,r
F,a,v,o,r
F,a,v,o,r
F,a,v,o,r
F,a,v,o,r
F,a,v,o,r
F,a,v,u,s
F,a,v,u,s
F,a,x,e,d
f,a,y,e,d
F,e,a,s,t
F,e,a,s,t
F,e,a,s,t
F,e,a,s,t
F,e,a,s,t
F,e,a,s,t
F,e,a,s,t
F,e,a,z,e
F,e,a,z,e
F,e,a,z,e
F,e,c,a,l
F,e,c,e,s
F,e,c,k,s
F,e,e,r,e
F,e,e,s,e
F,e,e,z,e
F,e,e,z,e
F,e,e,z,e
F,e,i,g,n
F,e,i,g,n
F,e,i,g,n
F,e,i,n,e
F,e,i,n,t
F,e,i,n,t
F,e,i,n,t
F,e,i,n,t
F,e,i,z,e
F,e,l,i,s
F,e,l,l,y
F,e,l,l,y
F,e,l,o,n
F,e,l,o,n
F,e,l,o,n
F,e,l,o,n
F,e,m,m,e
F,e,m,u,r
F,e,m,u,r
F,e,n,c,e
F,e,n,c,e
F,e,n,c,e
F,e,n,c,e
F,e,n,c,e
F,e,n,c,e
F,e,n,c,e
F,e,n,c,e
F,e,n,c,e
F,e,n,c,e
F,e,n,k,s
F,e,n,n,y
F,e,o,f,f
F,e,o,f,f
F,e,r,a,e
F,e,r,a,l
F,e,r,a,l
F,e,r,d,e
F,e,r,i,a
F,e,r,i,e
F,e,r,l,y
F,e,r,l,y
F,e,r,m,e
F,e,r,n,y
F,e,r,r,e
F,e,r,r,y
F,e,r,r,y
F,e,r,r,y
F,e,r,r,y
F,e,r,r,y
F,e,s,s,e
F,e,s,t,e
F,e,t,a,l
F,e,t,c,h
F,e,t,c,h
F,e,t,c,h
F,e,t,c,h
F,e,t,c,h
F,e,t,c,h
F,e,t,c,h
f,e,t,c,h
F,e,t,c,h
F,e,t,c,h
F,e,t,e,d
F,e,t,i,d
F,e,t,i,s
F,e,t,o,r
F,e,t,t,e
F,e,t,t,e
F,e,t,u,s
F,e,u,a,r
F,e,v,e,r
F,e,v,e,r
F,e,v,e,r
F,e,w,e,l
F,e,y,n,e
F,e,y,r,e
F,i,b,e,r
F,i,b,r,e
F,i,b,r,e
F,i,b,r,e
F,i,b,r,e
F,i,c,h,e
F,i,c,h,u
F,i,c,u,s
F,i,d,e,s
F,i,d,g,e
F,i,d,i,a
F,i,e,l,d
F,i,e,l,d
F,i,e,l,d
F,i,e,l,d
F,i,e,l,d
F,i,e,l,d
F,i,e,l,d
F,i,e,l,d
F,i,e,l,d
F,i,e,l,d
F,i,e,l,d
F,i,e,l,d
F,i,e,l,d
F,i,e,n,d
F,i,e,r,y
F,i,e,r,y
F,i,e,r,y
F,i,e,r,y
F,i,e,r,y
F,i,f,e,d
F,i,f,e,r
F,i,f,t,h
F,i,f,t,h
F,i,f,t,h
F,i,f,t,h
F,i,f,t,y
F,i,f,t,y
F,i,f,t,y
F,i,g,h,t
F,i,g,h,t
F,i,g,h,t
F,i,g,h,t
F,i,g,h,t
F,i,g,h,t
F,i,g,h,t
F,i,g,h,t
F,i,g,h,t
F,i,l,a,r
F,i,l,c,h
F,i,l,e,d
F,i,l,e,r
F,i,l,l,y
F,i,l,l,y
F,i,l,m,y
F,i,l,t,h
F,i,l,t,h
F,i,n,a,l
F,i,n,a,l
F,i,n,a,l
F,i,n,c,h
F,o,u,n,d
F,i,n,d,y
F,i,n,e,d
F,i,n,e,r
F,i,n,e,w
F,i,n,i,s
F,i,n,n,s
F,i,n,n,s
F,i,n,n,y
F,i,n,n,y
F,i,n,o,s
F,i,o,r,d
F,i,r,e,d
F,r,i,n,g
F,i,r,e,r
F,i,r,m,s
F,i,r,r,y
F,i,r,s,t
F,i,r,s,t
F,i,r,s,t
F,i,r,s,t
F,i,r,s,t
F,i,r,t,h
F,i,s,h,y
F,i,s,h,y
F,i,t,c,h
F,i,t,c,h
F,i,t,c,h
F,i,t,l,y
F,i,v,e,s
F,i,v,e,s
F,i,x,e,d
F,i,x,e,d
F,i,x,e,d
F,j,o,r,d
F,l,a,i,l
F,l,a,i,l
F,l,a,i,n
F,l,a,k,e
F,l,a,k,e
F,l,a,k,e
F,l,a,k,e
F,l,a,k,e
F,l,a,k,e
F,l,a,k,e
F,l,a,k,e
F,l,a,k,y
F,l,a,m,e
F,l,a,m,e
F,l,a,m,e
F,l,a,m,e
F,l,a,m,e
F,l,a,m,e
F,l,a,m,e
F,l,a,m,y
F,l,a,n,g
F,l,a,n,k
F,l,a,n,k
F,l,a,n,k
F,l,a,n,k
F,l,a,n,k
F,l,a,n,k
F,l,a,n,k
F,l,a,n,k
F,l,a,n,k
F,l,a,r,e
F,l,a,r,e
F,l,a,r,e
F,l,a,r,e
F,l,a,r,e
F,l,a,r,e
F,l,a,r,e
F,l,a,r,e
F,l,a,s,h
F,l,a,s,h
F,l,a,s,h
F,l,a,s,h
F,l,a,s,h
F,l,a,s,h
F,l,a,s,h
F,l,a,s,h
F,l,a,s,h
F,l,a,s,h
F,l,a,s,h
F,l,a,s,h
F,l,a,s,h
F,l,a,s,h
F,l,a,s,h
F,l,a,s,h
F,l,a,s,h
F,l,a,s,k
F,l,a,s,k
F,l,a,s,k
F,l,a,s,k
F,l,a,w,n
F,l,a,w,y
F,l,a,w,y
F,l,a,x,y
F,l,e,a,k
F,l,e,a,m
F,l,e,a,r
F,l,e,c,k
F,l,e,c,k
F,l,e,c,k
F,l,e,e,n
F,l,e,e,r
F,l,e,e,r
F,l,e,e,r
F,l,e,e,r
F,l,e,a,r
F,l,e,a,r
F,l,e,e,t
F,l,e,e,t
F,l,e,e,t
F,l,e,e,t
F,l,e,e,t
F,l,e,e,t
F,l,e,e,t
F,l,e,e,t
F,l,e,e,t
F,l,e,e,t
F,l,e,e,t
F,l,e,e,t
F,l,e,e,t
F,l,e,m,e
F,l,e,s,h
F,l,e,s,h
F,l,e,s,h
F,l,e,s,h
F,l,e,s,h
F,l,e,s,h
F,l,e,s,h
F,l,e,s,h
F,l,e,s,h
F,l,e,s,h
F,l,e,s,h
F,l,e,s,h
F,l,e,s,h
F,l,e,t,e
F,l,e,w,s
F,l,i,c,k
F,l,i,c,k
F,l,i,e,r
F,l,i,e,r
F,l,i,e,r
F,l,i,e,r
F,l,u,n,g
F,l,i,n,g
F,l,i,n,g
F,l,i,n,g
F,l,i,n,g
F,l,i,n,g
F,l,i,n,g
F,l,i,n,g
F,l,i,n,g
F,l,i,n,g
F,l,i,n,g
F,l,i,n,t
F,l,i,n,t
F,l,i,n,t
F,l,i,p,e
F,l,i,r,t
F,l,i,r,t
F,l,i,r,t
F,l,i,r,t
F,l,i,r,t
F,l,i,r,t
F,l,i,r,t
F,l,i,r,t
F,l,i,s,k
F,l,i,s,k
F,l,i,t,e
F,l,o,a,t
F,l,o,a,t
F,l,o,a,t
F,l,o,a,t
F,l,o,a,t
F,l,o,a,t
F,l,o,a,t
F,l,o,a,t
F,l,o,a,t
F,l,o,a,t
F,l,o,a,t
F,l,o,a,t
F,l,o,a,t
F,l,o,a,t
F,l,o,a,t
F,l,o,a,t
F,l,o,a,t
F,l,o,a,t
F,l,o,a,t
F,l,o,a,t
F,l,o,c,k
F,l,o,c,k
F,l,o,c,k
F,l,o,c,k
F,l,o,c,k
F,l,o,c,k
F,l,o,c,k
F,l,o,c,k
F,l,o,n,g
F,l,o,o,d
F,l,o,o,d
F,l,o,o,d
F,l,o,o,d
F,l,o,o,d
F,l,o,o,d
F,l,o,o,k
F,l,o,o,r
F,l,o,o,r
F,l,o,o,r
F,l,o,o,r
F,l,o,o,r
F,l,o,o,r
F,l,o,o,r
F,l,o,o,r
F,l,o,o,r
F,l,o,o,r
F,l,o,o,r
F,l,o,o,r
F,l,o,r,a
F,l,o,r,a
F,l,o,s,h
F,l,o,s,s
F,l,o,s,s
F,l,o,s,s
F,l,o,s,s
F,l,o,t,a
F,l,o,t,e
F,l,o,t,e
F,l,o,u,r
F,l,o,u,r
F,l,o,u,r
F,l,o,u,t
F,l,o,u,t
F,l,o,u,t
F,l,o,w,k
F,l,o,w,n
F,l,o,w,n
F,l,u,e,y
F,l,u,f,f
F,l,u,i,d
F,l,u,i,d
F,l,u,k,e
F,l,u,k,e
F,l,u,k,e
F,l,u,k,e
F,l,u,k,e
F,l,u,k,e
F,l,u,k,y
F,l,u,m,e
F,l,u,n,g
F,l,u,n,k
F,l,u,n,k
F,l,u,n,k
F,l,u,n,k
F,l,u,o,r
F,l,u,o,r
F,l,u,o,r
F,l,u,r,t
F,l,u,s,h
F,l,u,s,h
F,l,u,s,h
F,l,u,s,h
F,l,u,s,h
F,l,u,s,h
F,l,u,s,h
F,l,u,s,h
F,l,u,s,h
F,l,u,s,h
F,l,u,s,h
F,l,u,s,h
F,l,u,s,h
F,l,u,s,h
F,l,u,s,h
F,l,u,s,h
F,l,u,s,h
F,l,u,s,h
F,l,u,s,h
F,l,u,s,h
F,l,u,t,e
F,l,u,t,e
F,l,u,t,e
F,l,u,t,e
F,l,u,t,e
F,l,u,t,e
F,l,u,t,e
F,l,u,t,e
F,l,u,t,e
F,l,u,t,y
F,l,o,w,n
F,l,i,e,s
F,l,y,e,r
F,l,y,e,r
F,l,y,e,r
F,l,y,e,r
F,l,y,e,r
F,l,y,e,r
F,l,y,e,r
F,n,e,s,e
F,o,a,m,y
F,o,c,a,l
F,o,c,u,s
F,o,c,u,s
F,o,c,u,s
F,o,c,u,s
F,o,g,g,y
F,o,g,g,y
F,o,g,i,e
F,o,i,s,t
F,o,i,s,t
F,o,i,s,t
F,o,i,s,t
F,o,l,i,o
F,o,l,i,o
F,o,l,i,o
F,o,l,i,o
F,o,l,i,o
F,o,l,i,o
F,o,l,i,a
F,o,l,k,s
F,o,l,k,s
F,o,l,k,s
F,o,l,l,y
F,o,l,l,y
F,o,l,l,y
F,o,l,l,y
F,o,l,w,e
F,o,m,e,s
F,o,n,d,e
F,o,n,g,e
F,o,n,l,y
F,o,n,n,e
F,o,o,d,y
F,o,o,t,s
F,o,o,t,y
F,o,o,t,y
F,o,r,a,y
F,o,r,a,y
F,o,r,b,y
F,o,r,c,e
F,o,r,c,e
F,o,r,c,e
F,o,r,c,e
F,o,r,c,e
F,o,r,c,e
F,o,r,c,e
F,o,r,c,e
F,o,r,c,e
F,o,r,c,e
F,o,r,c,e
F,o,r,c,e
F,o,r,c,e
F,o,r,c,e
F,o,r,c,e
F,o,r,c,e
F,o,r,c,e
F,o,r,c,e
F,o,r,c,e
F,o,r,c,e
F,o,r,c,e
F,o,r,d,o
F,o,r,d,o
F,o,r,e,l
F,o,r,e,l
F,o,r,g,e
F,o,r,g,e
F,o,r,g,e
F,o,r,g,e
F,o,r,g,e
F,o,r,g,e
F,o,r,g,e
F,o,r,g,e
F,o,r,g,e
F,o,r,g,e
F,o,r,g,o
F,o,r,k,y
F,o,r,m,e
F,o,r,m,e
F,o,r,t,e
F,o,r,t,e
F,o,r,t,e
F,o,r,t,h
F,o,r,t,h
F,o,r,t,h
F,o,r,t,h
F,o,r,t,h
F,o,r,t,h
F,o,r,t,y
F,o,r,t,y
F,o,r,t,y
F,o,r,u,m
F,o,r,u,m
F,o,s,s,a
F,o,s,s,e
F,o,s,s,e
F,o,u,l,e
F,o,u,n,d
F,o,u,n,d
F,o,u,n,d
F,o,u,n,d
F,o,u,n,d
F,o,u,n,t
F,o,u,n,t
F,o,u,r,b
F,o,u,t,y
F,o,v,e,a
F,o,w,l,s
F,o,x,e,s
F,o,x,e,d
F,r,a,c,t
F,o,x,e,d
F,o,x,e,d
F,o,x,e,s
F,o,x,l,y
F,o,y,e,r
F,o,y,e,r
F,r,a,i,l
F,r,a,i,l
F,r,a,i,l
F,r,a,i,l
F,r,a,i,l
F,r,a,i,l
F,r,a,m,e
F,r,a,m,e
F,r,a,m,e
F,r,a,m,e
F,r,a,m,e
F,r,a,m,e
F,r,a,m,e
F,r,a,m,e
F,r,a,m,e
F,r,a,m,e
F,r,a,m,e
F,r,a,m,e
F,r,a,m,e
F,r,a,m,e
F,r,a,m,e
F,r,a,m,e
F,r,a,m,e
F,r,a,m,e
F,r,a,m,e
F,r,a,m,e
F,r,a,m,e
F,r,a,n,c
F,r,a,n,k
F,r,a,n,k
F,r,a,n,k
F,r,a,n,k
F,r,a,n,k
F,r,a,n,k
F,r,a,n,k
F,r,a,n,k
F,r,a,n,k
F,r,a,n,k
F,r,a,n,k
F,r,a,n,k
F,r,a,n,k
F,r,a,p,e
F,r,a,u,d
F,r,a,u,d
F,r,a,u,d
F,r,e,a,k
F,r,e,a,k
F,r,e,c,k
F,r,e,e,d
F,r,e,e,r
F,r,o,z,e
F,r,e,m,d
F,r,e,n,a
F,r,e,r,e
F,r,e,s,h
F,r,e,s,h
F,r,e,s,h
F,r,e,s,h
F,r,e,s,h
F,r,e,s,h
F,r,e,s,h
F,r,e,s,h
F,r,e,s,h
F,r,e,s,h
F,r,e,s,h
F,r,e,t,t
F,r,e,t,t
F,r,e,t,a
F,r,e,y,a
F,r,i,a,r
F,r,i,a,r
F,r,i,a,r
F,r,i,e,d
F,r,i,e,r
F,r,i,g,g
F,r,i,l,l
F,r,i,l,l
F,r,i,l,l
F,r,i,l,l
F,r,i,l,l
F,r,i,l,l
F,r,i,l,l
F,r,i,l,l
F,r,i,s,k
F,r,i,s,k
F,r,i,s,k
F,r,i,s,t
F,r,i,t,h
F,r,i,t,h
F,r,i,t,h
F,r,i,t,h
F,r,i,z,e
F,r,i,z,z
F,r,o,c,k
F,r,o,c,k
F,r,o,c,k
F,r,o,c,k
F,r,o,n,d
F,r,o,n,s
F,r,o,n,t
F,r,o,n,t
F,r,o,n,t
F,r,o,n,t
F,r,o,n,t
F,r,o,n,t
F,r,o,n,t
F,r,o,n,t
F,r,o,n,t
F,r,o,n,t
F,r,o,n,t
F,r,o,n,t
F,r,o,n,t
F,r,o,n,t
F,r,o,r,e
F,r,o,r,n
F,r,o,r,y
F,r,o,r,y
F,r,o,s,t
F,r,o,s,t
F,r,o,s,t
F,r,o,s,t
F,r,o,s,t
F,r,o,s,t
F,r,o,s,t
F,r,o,t,e
F,r,o,t,h
F,r,o,t,h
F,r,o,t,h
F,r,o,t,h
F,r,o,t,h
F,r,o,t,h
F,r,o,t,h
F,r,o,w,n
F,r,o,w,n
F,r,o,w,n
F,r,o,w,n
F,r,o,w,n
F,r,o,w,y
F,r,o,z,e
F,r,u,i,t
F,r,u,i,t
F,r,u,i,t
F,r,u,i,t
F,r,u,i,t
F,r,u,i,t
F,r,u,i,t
F,r,u,m,p
F,r,u,m,p
F,r,u,m,p
F,r,u,s,h
F,r,u,s,h
F,r,u,s,h
F,r,u,s,h
F,r,u,s,h
F,r,i,e,d
F,u,a,g,e
F,u,b,b,y
F,u,b,s,y
F,u,c,h,s
F,u,c,u,s
F,u,c,u,s
F,u,d,g,e
F,u,d,g,e
F,u,d,g,e
F,u,e,r,o
F,u,e,r,o
F,u,e,r,o
F,u,e,r,o
F,u,e,r,o
F,u,f,f,y
F,u,g,l,e
F,u,g,u,e
F,u,l,b,e
F,u,l,l,y
F,u,m,e,d
F,u,m,e,r
F,u,m,e,r
F,u,m,e,t
F,u,m,e,t
F,u,m,i,d
F,u,n,g,e
F,u,n,g,i
F,u,n,g,i
F,u,n,i,c
F,u,n,i,s
F,u,n,k,y
F,u,n,n,y
F,u,n,n,y
F,u,r,l,d
F,u,r,r,y
F,u,r,r,y
F,u,r,r,y
F,u,r,z,e
F,u,r,z,y
F,u,s,e,d
F,u,s,e,e
F,u,s,e,e
F,u,s,e,e
F,u,s,e,e
F,u,s,e,e
F,u,s,e,e
F,u,s,e,e
F,u,s,e,l
F,u,s,i,l
F,u,s,i,l
F,u,s,i,l
F,u,s,i,l
F,u,s,i,l
F,u,s,s,y
F,u,s,t,y
F,u,s,t,y
F,u,z,z,y
F,u,z,z,y
F,y,t,t,e
G,a,b,e,l
G,a,b,l,e
G,a,b,l,e
G,a,b,l,e
G,a,b,l,e
G,a,d,r,e
G,a,d,i,c
G,a,g,e,d
G,a,g,e,r
G,a,i,l,y
G,a,l,e,a
G,a,l,e,a
G,a,l,e,a
G,a,l,e,a
G,a,l,e,a
G,a,l,e,i
G,a,l,l,y
G,a,l,l,y
G,a,l,l,y
G,a,l,o,p
G,a,l,p,e
G,a,m,b,a
G,a,m,e,d
G,a,m,i,c
G,a,m,i,n
G,a,m,m,a
G,a,m,u,t
G,a,n,c,h
G,a,n,i,l
G,a,n,j,a
G,a,n,s,a
G,a,n,z,a
G,a,p,e,d
G,a,p,e,r
G,a,p,e,r
G,a,p,e,r
G,a,p,e,r
G,a,r,t,h
G,a,r,t,h
G,a,r,t,h
G,a,r,u,m
G,a,s,e,s
G,a,s,s,y
G,a,t,e,d
G,a,u,d,y
G,a,u,d,y
G,a,u,d,y
G,a,u,d,y
G,a,u,g,e
G,a,u,g,e
G,a,u,g,e
G,a,u,g,e
G,a,u,g,e
G,a,u,g,e
G,a,u,g,e
G,a,u,g,e
G,a,u,g,e
G,a,u,g,e
G,a,u,g,e
G,a,u,g,e
G,a,u,g,e
G,a,u,g,e
G,a,u,l,t
G,a,u,n,t
G,a,u,r,e
G,a,u,z,e
G,a,u,z,e
G,a,u,z,y
G,a,v,e,l
G,a,v,e,l
G,a,v,e,l
G,a,v,e,l
G,a,v,e,l
G,a,v,o,t
G,a,w,b,y
G,a,w,k,y
G,a,y,a,l
G,a,y,l,y
G,a,y,l,y
G,a,y,n,e
G,a,z,e,d
G,a,z,e,l
G,a,z,e,l
G,a,z,e,r
G,a,z,e,t
G,a,z,o,n
G,e,c,k,o
G,e,e,s,e
G,e,e,s,t
G,e,l,i,d
G,e,l,l,y
G,e,m,e,l
G,e,m,e,l
G,e,m,e,l
G,e,m,m,a
G,e,m,m,a
G,e,m,m,y
G,e,m,m,y
G,e,m,u,l
G,e,n,e,t
G,e,n,e,t
G,e,n,i,e
G,e,n,i,o
G,e,n,i,i
G,e,n,r,e
G,e,n,t,y
G,e,n,u,a
G,e,n,u,s
G,e,n,u,s
G,e,n,y,s
G,e,o,d,e
G,e,o,d,e
G,e,r,a,h
G,e,r,b,e
G,e,s,s,e
G,e,s,t,e
G,e,t,e,n
G,h,a,s,t
G,h,a,u,t
G,h,a,u,t
G,h,a,u,t
G,h,e,s,s
G,h,o,l,e
G,h,o,s,t
G,h,o,s,t
G,h,o,s,t
G,h,o,s,t
G,h,o,s,t
G,h,o,s,t
G,h,o,u,l
G,h,y,l,l
G,i,a,n,t
G,i,a,n,t
G,i,a,n,t
G,i,a,n,t
G,i,b,e,d
G,i,b,e,l
G,i,b,e,r
G,i,d,d,y
G,i,d,d,y
G,i,d,d,y
G,i,d,d,y
G,i,d,d,y
G,i,d,d,y
G,i,f,f,y
G,u,i,d,e
G,i,g,o,t
G,i,l,s,e
G,i,p,s,y
G,i,r,t,h
G,i,r,t,h
G,i,r,t,h
G,i,r,t,h
G,i,s,l,e
G,u,i,s,t
G,i,v,e,n
G,i,v,e,n
G,i,v,e,n
G,i,v,e,n
G,i,v,e,n
G,i,v,e,r
G,i,v,e,s
G,l,a,d,e
G,l,a,d,e
G,l,a,d,e
G,l,a,i,r
G,l,a,i,r
G,l,a,i,r
G,l,a,i,r
G,l,a,m,a
G,l,a,n,d
G,l,a,n,d
G,l,a,n,d
G,l,a,n,d
G,l,a,n,d
G,l,a,n,d
G,l,a,n,s
G,l,a,n,s
G,l,a,n,s
G,l,a,n,s
G,l,a,r,e
G,l,a,r,e
G,l,a,r,e
G,l,a,r,e
G,l,a,r,e
G,l,a,r,e
G,l,a,r,e
G,l,a,r,e
G,l,a,r,e
G,l,a,r,y
G,l,a,s,s
G,l,a,s,s
G,l,a,s,s
G,l,a,s,s
G,l,a,s,s
G,l,a,s,s
G,l,a,s,s
G,l,a,s,s
G,l,a,s,s
G,l,a,s,s
G,l,a,s,s
G,l,a,s,s
G,l,a,u,m
G,l,a,v,e
G,l,a,s,e
G,l,a,s,e
G,l,a,s,e
G,l,a,z,e
G,l,a,z,e
G,l,a,z,e
G,l,a,z,e
G,l,a,z,y
G,l,e,a,d
G,l,e,a,m
G,l,e,a,m
G,l,e,a,m
G,l,e,a,m
G,l,e,a,m
G,l,e,a,m
G,l,e,a,n
G,l,e,a,n
G,l,e,a,n
G,l,e,a,n
G,l,e,a,n
G,l,e,a,n
G,l,e,a,n
G,l,e,b,e
G,l,e,b,e
G,l,e,b,e
G,l,e,b,y
G,l,e,d,e
G,l,e,d,e
G,l,e,e,d
G,l,e,e,k
G,l,e,e,k
G,l,e,e,k
G,l,e,e,k
G,l,e,e,k
G,l,e,e,n
G,l,e,e,t
G,l,e,e,t
G,l,e,e,t
G,l,e,n,t
G,l,i,d,e
G,l,i,d,e
G,l,i,d,e
G,l,i,d,e
G,l,i,d,e
G,l,i,f,f
G,l,i,f,f
G,l,i,k,e
G,l,i,n,t
G,l,i,n,t
G,l,i,n,t
G,l,i,s,t
G,l,o,a,m
G,l,o,a,m
G,l,o,a,m
G,l,o,a,r
G,l,o,a,t
G,l,o,b,e
G,l,o,b,e
G,l,o,b,e
G,l,o,b,e
G,l,o,b,e
G,l,o,b,e
G,l,o,b,y
G,l,o,d,e
G,l,o,m,e
G,l,o,m,e
G,l,o,m,e
G,l,o,o,m
G,l,o,o,m
G,l,o,o,m
G,l,o,o,m
G,l,o,o,m
G,l,o,o,m
G,l,o,o,m
G,l,o,o,m
G,l,o,r,e
G,l,o,r,y
G,l,o,r,y
G,l,o,r,y
G,l,o,r,y
G,l,o,r,y
G,l,o,r,y
G,l,o,r,y
G,l,o,s,e
G,l,o,s,s
G,l,o,s,s
G,l,o,s,s
G,l,o,s,s
G,l,o,s,s
G,l,o,s,s
G,l,o,s,s
G,l,o,s,s
G,l,o,s,s
G,l,o,s,s
G,l,o,u,t
G,l,o,u,t
G,l,o,v,e
G,l,o,v,e
G,l,o,v,e
G,l,o,z,e
G,l,o,z,e
G,l,o,z,e
G,l,o,z,e
G,l,o,z,e
G,l,u,e,d
G,l,u,e,r
G,l,u,e,y
G,l,u,m,e
G,l,u,m,p
G,l,y,p,h
G,n,a,r,l
G,n,a,r,l
G,n,a,s,h
G,n,a,s,h
G,n,i,d,e
G,n,o,m,e
G,n,o,m,e
G,n,o,m,e
G,n,o,m,e
G,o,i,n,g
G,o,a,f,s
G,o,b,e,t
G,o,d,l,y
G,o,d,l,y
G,o,e,t,y
G,o,i,n,g
G,o,i,n,g
G,o,i,n,g
G,o,i,n,g
G,o,l,d,e
G,o,l,e,t
G,o,l,e,t
G,o,m,a,n
G,o,m,b,o
G,o,m,e,r
G,o,m,e,r
G,o,n,a,d
G,o,n,y,s
G,o,o,d,s
G,o,o,d,y
G,o,o,d,y
G,o,o,d,y
G,e,e,s,e
G,o,o,s,e
G,o,o,s,e
G,o,o,s,e
G,o,o,s,e
G,o,o,s,e
G,o,o,s,t
G,o,r,a,l
G,o,r,c,e
G,o,r,e,d
G,o,r,g,e
G,o,r,g,e
G,o,r,g,e
G,o,r,g,e
G,o,r,g,e
G,o,r,g,e
G,o,r,g,e
G,o,r,g,e
G,o,r,g,e
G,o,r,g,e
G,o,r,g,e
G,o,r,m,a
G,o,r,s,e
G,o,t,e,r
G,o,u,g,e
G,o,u,g,e
G,o,u,g,e
G,o,u,g,e
G,o,u,g,e
G,o,u,g,e
B,o,u,g,e
B,o,u,g,e
B,o,u,g,e
G,o,u,r,a
G,o,u,r,d
G,o,u,r,d
G,o,u,r,d
G,o,u,r,d
G,o,u,t,y
G,o,u,t,y
G,o,u,t,y
G,o,u,t,y
G,o,w,a,n
G,o,w,a,n
G,r,a,a,l
G,r,a,c,e
G,r,a,c,e
G,r,a,c,e
G,r,a,c,e
G,r,a,c,e
G,r,a,c,e
G,r,a,c,e
G,r,a,c,e
G,r,a,c,e
G,r,a,c,e
G,r,a,c,e
G,r,a,c,e
G,r,a,c,e
G,r,a,c,e
G,r,a,c,e
G,r,a,c,e
G,r,a,c,e
G,r,a,c,e
G,r,a,d,e
G,r,a,d,e
G,r,a,d,e
G,r,a,d,e
G,r,a,d,e
G,r,a,d,e
G,r,a,d,e
G,r,a,f,f
G,r,a,f,f
G,r,a,f,t
G,r,a,f,t
G,r,a,f,t
G,r,a,f,t
G,r,a,f,t
G,r,a,f,t
G,r,a,f,t
G,r,a,f,t
G,r,a,i,l
G,r,a,i,l
G,r,a,i,l
G,r,a,i,l
G,r,a,i,n
G,r,a,i,n
G,r,a,i,n
G,r,a,i,n
G,r,a,i,n
G,r,a,i,n
G,r,a,i,n
G,r,a,i,n
G,r,a,i,n
G,r,a,i,n
G,r,a,i,n
G,r,a,i,n
G,r,a,i,n
G,r,a,i,n
G,r,a,i,n
G,r,a,i,n
G,r,a,i,n
G,r,a,i,n
G,r,a,i,n
G,r,a,i,n
G,r,a,i,n
G,r,a,i,n
G,r,a,i,n
G,r,a,i,n
G,r,a,i,n
G,r,a,i,p
G,r,a,m,e
G,r,a,m,e
G,r,a,n,d
G,r,a,n,d
G,r,a,n,d
G,r,a,n,d
G,r,a,n,e
G,r,a,n,t
G,r,a,n,t
G,r,a,n,t
G,r,a,n,t
G,r,a,n,t
G,r,a,n,t
G,r,a,n,t
G,r,a,n,t
G,r,a,p,e
G,r,a,p,e
G,r,a,p,e
G,r,a,p,e
G,r,a,p,y
G,r,a,s,p
G,r,a,s,p
G,r,a,s,p
G,r,a,s,p
G,r,a,s,p
G,r,a,s,p
G,r,a,s,p
G,r,a,s,p
G,r,a,s,s
G,r,a,s,s
G,r,a,s,s
G,r,a,s,s
G,r,a,s,s
G,r,a,s,s
G,r,a,s,s
G,r,a,s,s
G,r,a,t,e
G,r,a,t,e
G,r,a,t,e
G,r,a,t,e
G,r,a,t,e
G,r,a,t,e
G,r,a,t,e
G,r,a,t,e
G,r,a,t,e
G,r,a,v,e
G,r,a,v,e
G,r,a,v,e
G,r,a,v,e
G,r,a,v,e
G,r,a,v,e
G,r,a,v,e
G,r,a,v,e
G,r,a,v,e
G,r,a,v,e
G,r,a,v,e
G,r,a,v,e
G,r,a,v,e
G,r,a,v,y
G,r,a,v,y
G,r,a,z,e
G,r,a,z,e
G,r,a,z,e
G,r,a,z,e
G,r,a,z,e
G,r,a,z,e
G,r,a,z,e
G,r,a,z,e
G,r,a,z,e
G,r,e,a,t
G,r,e,a,t
G,r,e,a,t
G,r,e,a,t
G,r,e,a,t
G,r,e,a,t
G,r,e,a,t
G,r,e,a,t
G,r,e,a,t
G,r,e,a,t
G,r,e,a,t
G,r,e,b,e
G,r,e,e,s
G,r,i,c,e
G,r,i,s,e
G,r,i,z,e
G,r,e,e,d
G,r,e,e,k
G,r,e,e,k
G,r,e,e,k
G,r,e,e,k
G,r,e,e,n
G,r,e,e,n
G,r,e,e,n
G,r,e,e,n
G,r,e,e,n
G,r,e,e,n
G,r,e,e,n
G,r,e,e,n
G,r,e,e,n
G,r,e,e,n
G,r,e,e,n
G,r,e,e,n
G,r,e,e,n
G,r,e,e,n
G,r,e,e,t
G,r,e,e,t
G,r,e,e,t
G,r,e,e,t
G,r,e,e,t
G,r,e,e,t
G,r,e,e,t
G,r,e,e,t
G,r,e,g,e
G,r,e,g,o
G,r,e,i,t
G,r,e,n,e
G,r,e,t,e
G,r,e,v,e
G,r,i,c,e
G,r,i,c,e
G,r,i,d,e
G,r,a,d,e
G,r,i,e,f
G,r,i,e,f
G,r,i,e,f
G,r,i,f,f
G,r,i,f,f
G,r,i,l,l
G,r,i,l,l
G,r,i,l,l
G,r,i,l,l
G,r,i,m,e
G,r,i,m,e
G,r,i,m,y
G,r,i,n,d
G,r,i,n,d
G,r,i,n,d
G,r,i,n,d
G,r,i,n,d
G,r,i,n,d
G,r,i,n,d
G,r,i,n,d
G,r,i,n,d
G,r,i,n,d
G,r,i,n,d
G,r,i,n,d
G,r,i,n,t
G,r,i,p,e
G,r,i,p,e
G,r,i,p,e
G,r,i,p,e
G,r,i,p,e
G,r,i,p,e
G,r,i,p,e
G,r,i,p,e
G,r,i,p,e
G,r,i,p,e
G,r,i,p,e
G,r,i,p,e
G,r,i,p,e
G,r,i,p,e
G,r,i,p,e
G,r,i,s,e
G,r,i,s,e
G,r,i,s,t
G,r,i,s,t
G,r,i,s,t
G,r,i,t,h
G,r,i,z,e
G,r,o,a,n
G,r,o,a,n
G,r,o,a,n
G,r,o,a,n
G,r,o,a,t
G,r,o,a,t
G,r,o,i,n
G,r,o,i,n
G,r,o,i,n
G,r,o,i,n
G,r,o,i,n
G,r,o,i,n
G,r,o,i,n
G,r,o,n,d
G,r,o,o,m
G,r,o,o,m
G,r,o,o,m
G,r,o,o,m
G,r,o,p,e
G,r,o,p,e
G,r,o,p,e
G,r,o,p,e
G,r,o,s,s
G,r,o,s,s
G,r,o,s,s
G,r,o,s,s
G,r,o,s,s
G,r,o,s,s
G,r,o,s,s
G,r,o,s,s
G,r,o,s,s
G,r,o,t,e
G,r,o,u,p
G,r,o,u,p
G,r,o,u,p
G,r,o,u,p
G,r,o,u,p
G,r,o,u,t
G,r,o,u,t
G,r,o,u,t
G,r,o,u,t
G,r,o,u,t
G,r,o,v,e
G,r,o,v,y
G,r,o,w,l
G,r,o,w,l
G,r,o,w,l
G,r,o,w,n
G,r,u,e,l
G,r,u,f,f
G,r,u,m,e
G,r,u,n,t
G,r,u,n,t
G,r,u,n,t
G,r,y,d,e
G,r,y,p,e
G,r,y,p,e
G,u,a,c,o
G,u,a,c,o
G,u,a,n,a
G,u,a,n,o
G,u,a,r,a
G,u,a,r,a
G,u,a,r,d
G,u,a,r,d
G,u,a,r,d
G,u,a,r,d
G,u,a,r,d
G,u,a,r,d
G,u,a,r,d
G,u,a,r,d
G,u,a,r,d
G,u,a,r,d
G,u,a,r,d
G,u,a,r,d
G,u,a,r,d
G,u,a,r,d
G,u,a,r,d
G,u,a,r,d
G,u,a,r,d
G,u,a,r,d
G,u,a,r,d
G,u,a,r,d
G,u,a,v,a
G,u,e,l,f
G,u,e,s,s
G,u,e,s,s
G,u,e,s,s
G,u,e,s,s
G,u,e,s,s
G,u,e,s,s
G,u,e,s,s
G,u,e,s,t
G,u,e,s,t
G,u,e,s,t
G,u,i,a,c
G,u,i,d,e
G,u,i,d,e
G,u,i,d,e
G,u,i,d,e
G,u,i,d,e
G,u,i,d,e
G,u,i,d,e
G,u,i,d,e
G,u,i,d,e
G,u,l,g,e
G,u,i,l,d
G,u,i,l,d
G,u,i,l,d
G,u,i,l,e
G,u,i,l,e
G,u,i,l,t
G,u,i,l,t
G,u,i,s,e
G,u,i,s,e
G,u,i,s,e
G,u,l,A,e
G,u,l,a,s
G,u,l,a,r
G,u,l,c,h
G,u,l,c,h
G,u,l,c,h
G,u,l,c,h
G,u,l,e,s
G,u,l,f,y
G,u,l,l,y
G,u,l,l,y
G,u,l,l,y
G,u,l,l,y
G,u,l,l,y
G,u,l,p,h
G,u,l,t,y
G,u,m,b,o
G,u,m,b,o
G,u,m,m,a
G,u,m,m,y
G,u,n,n,y
G,u,r,g,e
G,u,r,g,e
G,u,r,m,y
G,u,r,r,y
G,u,r,r,y
G,u,r,t,s
G,u,s,t,o
G,u,s,t,y
G,u,t,t,a
G,u,t,t,a
G,u,t,t,y
G,u,y,e,d
G,u,y,l,e
G,y,a,l,l
G,y,b,e,d
G,y,n,n,o
G,y,p,s,e
G,y,p,s,y
G,y,p,s,y
G,y,p,s,y
G,y,p,s,y
G,y,p,s,y
G,y,p,s,y
G,y,r,a,l
G,y,r,a,l
G,y,r,o,n
G,y,r,u,s
H,a,b,i,t
H,a,b,i,t
H,a,b,i,t
H,a,b,i,t
H,a,b,i,t
H,a,b,i,t
H,a,b,i,t
H,a,b,l,e
H,a,d,e,s
H,a,d,j,i
H,a,d,j,i
H,a,i,l,y
H,a,i,r,y
H,a,k,i,m
H,a,k,i,m
H,a,l,e,d
H,a,l,m,a
H,a,l,o,s
H,a,l,s,e
H,a,l,s,e
H,a,l,s,e
H,a,l,v,e
H,a,l,v,e
H,a,l,v,e
H,a,l,w,e
H,a,m,e,l
H,a,n,a,p
H,a,n,c,e
H,a,n,c,e
H,a,n,c,h
H,a,n,c,h
H,a,n,d,y
H,a,n,d,y
H,a,n,d,y
H,a,n,d,y
H,a,n,s,e
H,a,n,s,e
H,a,n,',t
H,a,p,l,y
H,a,p,p,y
H,a,p,p,y
H,a,p,p,y
H,a,r,d,s
H,a,r,d,y
H,a,r,d,y
H,a,r,d,y
H,a,r,d,y
H,a,r,d,y
H,a,r,d,y
H,a,r,e,m
H,a,r,e,m
H,a,r,l,e
H,a,r,n,s
H,a,r,p,a
H,a,r,p,y
H,a,r,p,y
H,a,r,p,y
H,a,r,p,y
H,a,r,r,e
H,a,r,r,y
H,a,r,r,y
H,a,r,r,y
H,a,r,s,h
H,a,r,s,h
H,a,r,s,h
H,a,r,s,h
H,a,r,s,h
H,a,r,s,h
H,a,s,t,e
H,a,s,t,e
H,a,s,t,e
H,a,s,t,y
H,a,s,t,y
H,a,s,t,y
H,a,s,t,y
H,a,s,t,y
H,a,s,t,y
H,a,t,c,h
H,a,t,c,h
H,a,t,c,h
H,a,t,c,h
H,a,t,c,h
H,a,t,c,h
H,a,t,c,h
H,a,t,c,h
H,a,t,c,h
H,a,t,c,h
H,a,t,c,h
H,a,t,c,h
H,a,t,c,h
H,a,t,c,h
H,a,t,c,h
H,a,t,e,d
H,a,t,e,l
H,a,t,e,r
H,a,t,t,e
H,a,u,g,h
H,a,u,l,m
H,a,u,l,m
H,a,u,l,s
H,a,u,l,t
H,a,u,n,t
H,a,u,n,t
H,a,u,n,t
H,a,u,n,t
H,a,u,n,t
H,a,u,n,t
H,a,u,n,t
H,a,u,n,t
H,a,v,e,n
H,a,v,e,n
H,a,v,e,n
H,a,v,e,r
H,a,v,e,r
H,a,v,e,r
H,a,v,o,c
H,a,v,o,c
H,a,v,o,c
H,a,w,e,d
H,a,w,s,e
H,a,w,s,e
H,a,w,s,e
H,a,w,s,e
H,a,z,e,d
H,a,z,e,l
H,a,z,e,l
H,a,z,e,l
H,a,z,e,l
H,a,z,l,e
H,e,a,d,y
H,e,a,d,y
H,e,a,d,y
H,e,a,l,d
H,e,a,p,y
H,e,a,r,d
H,e,a,r,d
H,e,a,r,t
H,e,a,r,t
H,e,a,r,t
H,e,a,r,t
H,e,a,r,t
H,e,a,r,t
H,e,a,r,t
H,e,a,r,t
H,e,a,r,t
H,e,a,r,t
H,e,a,r,t
H,e,a,t,h
H,e,a,t,h
H,e,a,t,h
H,o,v,e,n
H,e,a,v,e
H,e,a,v,e
H,e,a,v,e
H,e,a,v,e
H,e,a,v,e
H,e,a,v,e
H,e,a,v,e
H,e,a,v,e
H,e,a,v,e
H,e,a,v,e
H,e,a,v,e
H,e,a,v,e
H,e,a,v,y
H,e,a,v,y
H,e,a,v,y
H,e,a,v,y
H,e,a,v,y
H,e,a,v,y
H,e,a,v,y
H,e,a,v,y
H,e,a,v,y
H,e,a,v,y
H,e,a,v,y
H,e,a,v,y
H,e,a,v,y
H,e,a,v,y
H,e,a,v,y
H,e,b,e,n
H,e,d,g,e
H,e,d,g,e
H,e,d,g,e
H,e,d,g,e
H,e,d,g,e
H,e,d,g,e
H,e,d,g,e
H,e,d,g,e
H,e,e,d,y
H,e,f,t,y
H,e,g,g,e
H,e,l,i,x
H,e,l,i,x
H,e,l,i,x
H,e,l,i,x
H,e,l,l,o
H,e,l,l,y
H,e,l,o,t
H,e,l,v,e
H,e,l,v,e
H,e,l,v,e
H,e,l,v,e
H,e,m,a,l
H,e,m,i,n
H,e,m,p,y
H,e,n,c,e
H,e,n,c,e
H,e,n,c,e
H,e,n,c,e
H,e,n,c,e
H,e,n,d,e
H,e,n,d,e
H,e,n,d,y
H,e,n,e,n
H,e,n,n,a
H,e,n,n,a
H,e,n,r,y
H,e,n,t,e
H,e,p,a,r
H,e,p,a,r
H,e,p,t,a
H,e,r,b,y
w,o,m,e,n
H,e,r,e,n
H,e,r,i,e
H,e,r,m,a
H,e,r,n,e
H,e,r,o,n
H,e,r,s,e
H,e,r,s,e
H,e,r,s,e
H,e,r,s,e
H,e,r,t,e
H,e,u,g,h
H,e,u,g,h
H,e,v,e,d
H,e,w,e,d
H,e,w,e,d
H,e,w,e,r
H,e,x,a,d
H,e,x,y,l
H,e,y,g,h
H,e,y,n,e
H,i,d,e,d
H,i,d,e,r
H,y,i,n,g
H,i,e,m,s
H,i,g,h,t
H,i,g,h,t
H,i,g,h,t
H,o,t,e,n
H,i,g,h,t
H,i,g,h,t
H,i,g,h,t
H,i,g,h,t
H,i,g,r,e
H,i,j,r,a
H,i,l,a,l
H,i,l,a,r
H,i,l,l,y
H,i,l,l,y
H,i,l,u,m
H,i,l,u,m
H,i,l,u,s
H,i,n,d,i
H,i,n,d,u
H,i,n,d,u
H,i,n,g,e
H,i,n,g,e
H,i,n,g,e
H,i,n,g,e
H,i,n,g,e
H,i,n,g,e
H,i,n,n,y
H,i,n,n,y
H,i,n,n,y
H,i,p,p,s
H,i,p,p,a
H,i,p,p,e
H,i,r,e,d
H,i,r,e,r
H,i,r,e,s
H,i,t,c,h
H,i,t,c,h
H,i,t,c,h
H,i,t,c,h
H,i,t,c,h
H,i,t,c,h
H,i,t,c,h
H,i,t,c,h
H,i,t,c,h
H,i,t,c,h
H,i,t,c,h
H,i,t,h,e
H,i,v,e,d
H,i,v,e,r
H,i,v,e,s
H,i,v,e,s
H,o,a,r,d
H,o,a,r,d
H,o,a,r,d
H,o,a,r,d
H,o,a,r,y
H,o,a,r,y
H,o,a,r,y
H,o,a,r,y
H,o,a,r,y
H,o,a,r,y
H,o,b,b,y
H,o,b,b,y
H,o,b,i,t
H,o,b,o,y
H,o,c,c,o
H,o,u,g,h
H,o,u,g,h
H,o,u,g,h
H,o,c,u,s
H,o,c,u,s
H,o,c,u,s
H,o,c,u,s
H,o,c,u,s
H,o,d,d,y
H,o,f,u,l
H,o,i,s,e
H,o,i,s,t
H,o,i,s,t
H,o,i,s,t
H,o,i,s,t
H,o,i,s,t
H,o,i,s,t
H,o,k,e,r
H,o,l,l,a
H,o,l,l,a
H,o,l,l,o
H,o,l,l,o
H,o,l,l,y
H,o,l,l,y
H,o,l,l,y
H,o,l,w,e
H,o,m,e,r
H,o,m,e,r
H,o,m,e,r
H,o,n,e,d
H,o,n,e,y
H,o,n,e,y
H,o,n,e,y
H,o,n,e,y
H,o,n,e,y
H,o,n,o,r
H,o,n,o,r
H,o,n,o,r
H,o,n,o,r
H,o,n,o,r
H,o,n,o,r
H,o,n,o,r
H,o,n,o,r
H,o,n,o,r
H,o,n,o,r
H,o,n,o,r
H,o,n,o,r
H,o,n,o,r
H,o,n,o,r
H,o,o,d,y
H,o,o,f,s
H,o,o,k,y
H,o,o,v,e
H,o,v,e,n
H,o,p,e,d
H,o,p,e,r
H,o,p,p,o
H,o,p,p,o
H,o,r,a,l
H,o,r,d,e
H,o,r,n,y
H,o,r,n,y
H,o,r,n,y
H,o,r,s,e
H,o,r,s,e
H,o,r,s,e
H,o,r,s,e
H,o,r,s,e
H,o,r,s,e
H,o,r,s,e
H,o,r,s,e
H,o,r,s,e
H,o,r,s,e
H,o,r,s,e
H,o,r,s,e
H,o,r,s,e
H,o,r,s,e
H,o,r,s,e
H,o,r,s,e
H,o,r,s,e
H,o,r,s,y
H,o,s,e,n
H,o,s,e,n
H,a,t,t,e
H,o,t,e,n
H,o,t,e,l
H,o,t,e,l
H,o,t,e,n
H,o,t,l,y
H,o,t,l,y
H,o,u,g,h
H,o,u,g,h
H,o,u,g,h
H,o,u,g,h
H,o,u,l,t
H,o,u,n,d
H,o,u,n,d
H,o,u,n,d
H,o,u,n,d
H,o,u,n,d
H,o,u,n,d
H,o,u,n,d
H,o,u,r,i
H,o,u,r,s
H,o,u,s,e
H,o,u,s,e
H,o,u,s,e
H,o,u,s,e
H,o,u,s,e
H,o,u,s,e
H,o,u,s,e
H,o,u,s,e
H,o,u,s,e
H,o,u,s,e
H,o,u,s,e
H,o,u,s,e
H,o,u,s,e
H,o,u,s,e
H,o,u,s,e
H,o,u,s,e
H,o,u,s,e
H,o,u,s,e
H,o,u,s,e
H,o,u,s,s
H,o,u,v,e
H,o,v,e,l
H,o,v,e,l
H,o,v,e,l
H,o,v,e,l
H,o,v,e,n
H,o,v,e,n
H,o,v,e,r
H,o,v,e,r
H,o,v,e,r
H,o,w,d,y
H,o,w,e,l
H,o,w,e,l
H,o,w,s,o
H,o,w,v,e
H,u,b,b,y
H,u,d,g,e
H,u,f,f,y
H,u,f,f,y
H,u,l,a,n
H,u,l,c,h
H,u,l,k,y
H,u,l,l,o
H,u,l,l,y
H,u,m,a,n
H,u,m,a,n
H,u,m,i,c
H,u,m,i,d
H,u,m,i,n
H,u,m,o,r
H,u,m,o,r
H,u,m,o,r
H,u,m,o,r
H,u,m,o,r
H,u,m,o,r
H,u,m,o,r
H,u,m,p,h
H,u,m,p,y
H,u,m,u,s
H,u,n,c,h
H,u,n,c,h
H,u,n,c,h
H,u,n,c,h
H,u,n,c,h
H,u,n,k,s
H,u,n,t,e
H,u,r,d,s
H,u,r,l,y
H,u,r,r,a
H,u,r,r,y
H,u,r,r,y
H,u,r,r,y
H,u,r,r,y
H,u,r,r,y
H,u,r,s,t
H,u,s,k,y
H,u,s,k,y
H,u,s,s,y
H,u,s,s,y
H,u,s,s,y
H,u,s,s,y
H,u,t,c,h
H,u,t,c,h
H,u,t,c,h
H,u,t,c,h
H,u,t,c,h
H,u,t,c,h
H,u,t,c,h
H,u,t,c,h
H,u,z,z,a
H,u,z,z,a
H,u,z,z,a
H,u,z,z,a
H,y,a,d,s
H,y,d,r,a
H,y,d,r,a
H,y,d,r,a
H,y,d,r,a
H,y,e,n,a
H,y,l,i,c
H,y,m,a,r
H,y,m,e,n
H,y,m,e,n
H,y,m,e,n
H,y,o,i,d
H,y,o,i,d
H,y,o,i,d
H,y,r,a,x
H,y,r,s,e
H,y,r,s,t
H,y,s,o,n
H,y,t,h,e
I,a,m,b,i
J,a,b,o,t
J,a,b,o,t
J,a,c,o,b
J,a,d,e,d
J,a,g,e,r
J,a,g,e,r
J,a,g,g,y
J,a,i,n,a
J,a,k,e,s
J,a,k,i,e
J,a,l,a,p
J,a,n,t,u
J,a,n,t,y
J,a,n,u,s
J,a,p,a,n
J,a,p,a,n
J,a,p,a,n
J,a,p,a,n
J,a,p,e,r
J,a,r,d,s
J,a,r,v,y
J,a,r,v,y
J,a,s,e,y
J,a,u,n,t
J,a,u,n,t
J,a,u,n,t
J,a,u,n,t
J,a,u,n,t
J,a,v,e,l
J,a,w,e,d
J,a,w,e,d
J,a,y,e,t
J,a,z,e,l
J,e,a,r,s
J,e,e,r,s
J,e,l,l,y
J,e,l,l,y
J,e,l,l,y
J,e,m,m,y
J,e,m,m,y
J,e,m,m,y
J,e,n,n,y
J,e,n,n,y
J,e,n,n,y
J,e,r,i,d
J,e,r,k,y
J,e,s,s,e
J,e,s,s,e
J,e,s,s,e
J,e,s,u,s
J,e,t,t,y
J,e,t,t,y
J,e,t,t,y
J,e,t,t,y
J,e,t,t,y
J,e,w,e,l
J,e,w,e,l
J,e,w,e,l
J,e,w,e,l
J,e,w,e,l
J,e,w,r,y
J,i,b,e,d
J,i,f,f,y
J,i,m,m,y
J,i,n,g,o
J,i,n,g,o
J,i,p,p,o
J,o,i,n,t
J,o,i,n,t
J,o,i,n,t
J,o,i,n,t
J,o,i,n,t
J,o,i,n,t
J,o,i,n,t
J,o,i,n,t
J,o,i,n,t
J,o,i,n,t
J,o,i,n,t
J,o,i,n,t
J,o,i,n,t
J,o,i,n,t
J,o,i,n,t
J,o,i,n,t
J,o,i,s,t
J,o,i,s,t
J,o,k,e,d
J,o,k,e,r
J,o,k,e,r
J,o,l,i,f
J,o,l,l,y
J,o,l,l,y
J,o,l,l,y
J,o,l,t,y
J,o,n,a,h
J,o,r,a,m
J,o,r,u,m
J,o,s,s,a
J,o,u,g,s
J,o,u,l,e
J,o,u,s,t
J,o,u,s,t
J,o,y,e,d
J,u,b,a,e
J,u,d,a,s
J,u,d,a,s
J,u,d,g,e
J,u,d,g,e
J,u,d,g,e
J,u,d,g,e
J,u,d,g,e
J,u,d,g,e
J,u,d,g,e
J,u,d,g,e
J,u,d,g,e
J,u,d,g,e
J,u,d,g,e
J,u,d,g,e
J,u,d,g,e
J,u,g,a,l
J,u,g,a,l
J,u,g,e,r
J,u,g,g,s
J,u,g,u,m
J,u,g,u,m
J,u,i,c,e
J,u,i,c,e
J,u,i,c,y
J,u,i,s,e
J,u,l,e,p
J,u,l,e,p
J,u,l,e,p
J,u,l,u,s
J,u,n,c,o
J,u,n,o,s
J,u,n,t,a
J,u,n,t,o
J,u,p,o,n
J,u,r,a,l
J,u,r,a,l
J,u,r,a,t
J,u,r,a,t
J,u,r,e,l
J,u,r,o,r
J,u,r,o,r
J,u,s,s,i
J,u,t,e,s
J,u,t,t,y
J,u,t,t,y
J,u,v,i,a
K,a,a,m,a
K,a,b,o,b
K,a,f,a,l
K,a,f,i,r
K,a,f,i,r
K,a,h,a,u
K,a,l,a,n
K,a,l,i,f
K,a,l,k,i
K,a,l,p,a
K,a,p,i,a
K,a,r,m,a
K,a,r,o,b
K,a,u,r,i
K,a,y,a,k
K,a,y,k,o
K,e,c,k,y
K,e,d,g,e
K,e,d,g,e
K,e,e,c,h
K,e,e,l,s
K,e,e,s,h
K,e,e,v,e
K,e,e,v,e
K,e,e,v,e
K,e,e,v,e
K,e,e,v,e
K,e,l,p,y
K,e,m,p,t
K,e,m,p,e
K,e,m,p,s
K,e,m,p,t
K,e,r,s,e
K,e,r,v,e
K,e,s,a,r
K,e,t,c,h
K,e,t,c,h
K,e,t,c,h
K,e,t,o,l
K,e,v,e,l
K,e,v,e,l
K,e,v,e,l
K,e,v,i,n
K,e,v,e,r
K,e,v,e,d
K,e,y,e,d
K,h,a,y,a
K,i,a,n,g
K,i,b,e,d
K,i,d,d,e
K,i,d,d,y
K,i,d,d,y
K,i,e,v,e
K,i,l,o,s
L,a,b,e,l
L,a,b,e,l
L,a,b,e,l
L,a,b,e,l
L,a,b,e,l
L,a,b,e,l
L,a,b,e,l
L,a,b,e,l
L,a,b,e,l
L,a,b,e,l
L,a,b,i,a
L,a,b,i,a
L,a,b,o,r
L,a,b,o,r
L,a,b,o,r
L,a,b,o,r
L,a,b,o,r
L,a,b,o,r
L,a,b,o,r
L,a,b,o,r
L,a,b,o,r
L,a,b,o,r
L,a,b,o,r
L,a,b,o,r
L,a,b,o,r
L,a,b,o,r
L,a,b,o,r
L,a,b,o,r
L,a,b,r,a
L,a,b,r,i
L,a,c,e,d
L,a,c,e,d
L,a,c,e,d
L,a,c,h,e
L,a,d,d,e
L,a,d,e,d
L,a,d,e,d
L,a,d,e,d
L,a,d,e,n
L,a,d,i,n
L,a,d,l,e
L,a,d,l,e
L,a,d,l,e
L,a,d,l,e
L,a,d,l,e
L,a,d,l,e
L,a,f,t,e
L,a,g,a,n
L,a,g,e,r
L,a,g,l,y
L,a,i,r,d
L,a,i,s,m
L,a,i,t,y
L,a,i,t,y
L,a,i,t,y
L,a,k,a,o
L,a,k,i,n
L,a,k,k,e
L,a,m,e,d
L,a,m,e,l
L,a,m,e,s
L,a,m,i,a
L,a,n,c,e
L,a,n,c,e
L,a,n,c,e
L,a,n,c,e
L,a,n,c,e
L,a,n,c,e
L,a,n,c,e
L,a,n,c,e
L,a,n,c,h
L,a,n,k,y
L,a,p,e,l
L,a,p,i,s
L,a,p,p,s
L,a,p,s,e
L,a,p,s,e
L,a,p,s,e
L,a,p,s,e
L,a,p,s,e
L,a,p,s,e
L,a,p,s,e
L,a,p,s,e
L,a,p,s,e
L,a,p,s,e
L,a,r,e,s
L,a,r,c,h
L,a,r,d,y
L,a,r,e,s
L,a,r,g,e
L,a,r,g,e
L,a,r,g,e
L,a,r,g,e
L,a,r,g,e
L,a,r,g,e
L,a,r,g,e
L,a,r,g,e
L,a,r,g,e
L,a,r,g,e
L,a,r,g,o
L,a,r,g,o
L,a,r,r,y
L,a,r,u,m
L,a,r,v,a
L,a,r,v,a
L,a,r,v,e
L,a,s,s,e
L,a,s,s,o
L,a,s,s,o
L,a,s,t,e
L,a,t,c,h
L,a,t,c,h
L,a,t,c,h
L,a,t,c,h
L,a,t,c,h
L,a,t,c,h
L,a,t,c,h
L,a,t,e,d
L,a,t,e,r
L,a,t,e,r
L,a,t,e,s
L,a,t,e,x
L,a,t,h,s
L,a,t,h,e
L,a,t,h,e
L,a,t,h,e
L,a,t,h,e
L,a,t,h,y
L,a,t,i,n
L,a,t,i,n
L,a,t,i,n
L,a,t,i,n
L,a,t,i,n
L,a,t,i,n
L,a,t,i,n
L,a,t,o,n
L,a,u,g,h
L,a,u,g,h
L,a,u,g,h
L,a,u,g,h
L,a,u,g,h
L,a,u,n,d
L,a,u,r,a
L,a,v,e,d
L,a,v,e,r
L,a,v,e,r
L,a,v,e,r
L,a,v,e,r
L,a,v,e,r
L,a,v,e,r
L,a,v,i,c
L,a,w,e,r
L,a,w,n,d
L,a,w,n,y
L,a,w,n,y
L,a,x,l,y
L,a,y,e,r
L,a,y,e,r
L,a,y,e,r
L,a,y,e,r
L,a,z,a,r
L,a,z,e,d
L,e,a,c,h
L,e,a,c,h
L,e,a,c,h
L,e,a,c,h
L,e,a,c,h
L,e,a,c,h
L,e,a,c,h
L,e,a,d,y
L,e,a,f,y
L,e,a,f,y
L,e,a,k,y
L,e,a,k,y
L,e,a,n,t
L,e,a,n,y
L,e,a,p,t
L,e,a,r,n
L,e,a,r,n
L,e,a,r,n
L,e,a,s,e
L,e,a,s,e
L,e,a,s,e
L,e,a,s,e
L,e,a,s,e
L,e,a,s,e
L,e,a,s,h
L,e,a,s,h
L,e,a,s,h
L,e,a,s,h
L,e,a,s,t
L,e,a,s,t
L,e,a,s,t
L,e,a,s,y
L,e,a,v,e
L,e,a,v,e
L,e,a,v,e
L,e,a,v,e
L,e,a,v,e
L,e,a,v,e
L,e,a,v,e
L,e,a,v,e
L,e,a,v,e
L,e,a,v,e
L,e,a,v,e
L,e,a,v,e
L,e,a,v,e
L,e,a,v,y
L,e,b,a,n
L,e,c,h,e
L,e,d,e,n
L,e,d,g,e
L,e,d,g,e
L,e,d,g,e
L,e,d,g,e
L,e,d,g,e
L,e,d,g,y
L,e,e,c,h
L,e,e,c,h
L,e,e,c,h
L,e,e,c,h
L,e,e,c,h
L,e,e,c,h
L,e,e,c,h
L,e,e,c,h
L,e,e,d,e
L,e,e,m,e
L,e,e,r,e
L,e,e,s,e
L,e,e,s,e
L,e,f,u,l
L,e,g,a,l
L,e,g,a,l
L,e,g,a,l
L,e,g,a,l
L,e,g,e,r
L,e,g,e,r
L,e,g,e,r
L,e,g,e,r
L,e,g,e,r
L,e,g,g,e
L,e,g,g,e
L,e,g,g,y
L,e,m,a,n
L,e,m,m,a
L,e,m,o,n
L,e,m,o,n
L,e,m,u,r
L,e,n,d,s
L,e,n,t,o
L,e,p,a,l
L,e,p,a,s
L,e,p,e,r
L,e,p,i,d
L,e,p,r,a
L,e,p,r,e
L,e,p,r,y
L,e,r,e,d
L,e,r,o,t
L,e,t,c,h
L,e,t,c,h
L,e,t,e,n
L,e,t,h,e
L,e,t,h,e
L,e,t,h,e
L,e,t,h,y
L,e,t,t,e
L,e,t,t,s
L,e,u,k,e
L,e,v,e,e
L,e,v,e,e
L,e,v,e,e
L,e,v,e,e
L,e,v,e,e
L,e,v,e,l
L,e,v,e,l
L,e,v,e,l
L,e,v,e,l
L,e,v,e,l
L,e,v,e,l
L,e,v,e,l
L,e,v,e,l
L,e,v,e,l
L,e,v,e,l
L,e,v,e,l
L,e,v,e,l
L,e,v,e,l
L,e,v,e,l
L,e,v,e,l
L,e,v,e,l
L,e,v,e,l
L,e,v,e,l
L,e,v,e,l
L,e,v,e,l
L,e,v,e,l
L,e,v,e,n
L,e,v,e,r
L,e,v,e,r
L,e,v,e,r
L,e,v,e,r
L,e,v,e,r
L,e,v,e,t
L,e,v,i,n
L,e,v,i,r
L,e,w,i,s
L,e,g,e,s
L,i,a,g,e
L,i,a,n,e
L,i,a,n,a
L,i,a,r,d
L,i,a,r,d
L,i,b,e,l
L,i,b,e,l
L,i,b,e,l
L,i,b,e,l
L,i,b,e,l
L,i,b,e,l
L,i,b,e,l
L,i,b,e,l
L,i,b,e,r
L,i,b,r,a
L,i,b,r,a
L,i,c,h,i
L,i,c,i,t
L,i,d,g,e
L,y,i,n,g
L,y,i,n,g
L,i,e,g,e
L,i,e,g,e
L,i,e,g,e
L,i,e,g,e
L,i,e,g,e
L,i,e,v,e
L,i,v,e,s
L,i,f,e,n
L,i,g,a,n
L,i,g,g,e
L,i,g,h,t
L,i,g,h,t
L,i,g,h,t
L,i,g,h,t
L,i,g,h,t
L,i,g,h,t
L,i,g,h,t
L,i,g,h,t
L,i,g,h,t
L,i,g,h,t
L,i,g,h,t
L,i,g,h,t
L,i,g,h,t
L,i,g,h,t
L,i,g,h,t
L,i,g,h,t
L,i,g,h,t
L,i,g,h,t
L,i,g,h,t
L,i,g,h,t
L,i,g,h,t
L,i,g,h,t
L,i,g,h,t
L,i,g,h,t
L,i,g,h,t
L,i,g,h,t
L,i,g,h,t
L,i,g,h,t
L,i,g,h,t
L,i,g,h,t
L,i,g,h,t
L,i,g,h,t
L,i,g,h,t
L,i,g,h,t
L,i,g,h,t
L,i,g,h,t
L,i,g,h,t
L,i,g,h,t
L,i,g,h,t
L,i,g,h,t
L,i,g,h,t
L,i,g,h,t
L,i,g,h,t
L,i,g,h,t
L,i,g,h,t
L,i,g,h,t
L,i,g,h,t
M,a,',a,m
M,a,b,b,y
M,a,c,a,o
M,a,c,a,w
M,a,c,c,o
M,a,c,e,r
M,a,c,h,o
M,a,c,l,e
M,a,c,l,e
M,a,c,l,e
M,a,d,a,m
M,a,d,g,e
M,a,d,g,e
M,a,d,i,a
M,a,d,i,d
M,a,d,l,y
N,a,b,i,t
N,a,b,o,b
N,a,b,o,b
N,a,c,r,e
N,a,d,d,e
N,a,d,i,r
N,a,d,i,r
N,a,e,v,e
N,a,e,v,i
N,a,v,u,s
N,a,g,g,y
N,a,g,o,r
N,a,i,a,d
N,a,i,a,d
N,a,i,a,d
N,a,i,a,d
N,a,i,v,e
N,a,k,e,d
N,a,k,e,d
N,a,k,e,d
N,a,k,e,d
N,a,k,e,d
N,a,k,e,d
N,a,k,e,d
N,a,k,e,r
N,a,k,e,r
N,a,k,o,o
N,a,m,e,d
N,a,m,e,r
N,a,n,d,u
N,a,n,n,y
N,a,p,p,e
N,a,p,p,y
N,a,p,p,y
N,a,p,p,y
N,a,p,p,y
N,a,p,u,s
N,a,r,e,s
N,a,r,r,e
N,a,r,w,e
N,a,s,a,l
N,a,s,a,l
N,a,s,a,l
N,a,s,a,l
N,a,s,a,l
N,a,s,a,l
N,a,s,a,l
N,a,s,s,a
N,a,s,t,y
N,a,s,t,y
N,a,s,t,y
N,a,t,a,l
N,a,t,a,l
N,a,t,c,h
N,a,t,e,s
N,a,t,e,s
N,a,t,e,s
N,a,t,k,a
N,a,t,t,y
N,a,v,a,l
N,a,v,e,l
N,a,v,e,l
N,a,v,e,l
N,a,v,e,w
N,a,v,v,y
N,a,w,a,b
N,e,d,d,y
N,e,e,d,s
N,e,e,d,y
N,e,e,d,y
N,e,e,l,d
N,e,e,l,e
N,e,',e,r
N,e,e,s,e
N,e,g,r,o
N,e,g,r,o
N,e,g,u,s
N,e,i,f,e
N,e,i,g,h
N,e,i,g,h
N,e,i,g,h
N,e,m,p,t
N,e,n,i,a
N,e,r,r,e
N,e,r,v,e
N,e,r,v,e
N,e,r,v,e
N,e,r,v,e
N,e,r,v,e
N,e,r,v,e
N,e,r,v,e
N,e,r,v,e
N,e,r,v,y
N,e,t,t,y
N,e,u,r,a
N,e,v,e,n
N,e,v,e,r
N,e,v,e,r
N,e,v,e,w
N,e,w,e,l
N,e,w,e,l
N,e,w,l,y
N,e,w,l,y
N,e,w,s,y
N,e,x,u,s
N,g,i,n,a
N,i,c,h,e
N,i,d,o,r
N,i,d,u,s
N,i,e,c,e
N,i,e,c,e
N,i,f,l,e
N,i,g,h,t
N,i,g,h,t
N,i,g,h,t
N,i,g,h,t
N,i,g,h,t
N,i,g,h,t
N,i,g,u,a
N,i,h,i,l
N,o,m,e,n
N,i,m,b,i
N,i,n,n,y
N,i,n,t,h
N,i,n,t,h
N,i,n,t,h
N,i,n,t,h
N,i,n,t,h
N,i,n,u,t
N,i,o,b,e
N,i,o,p,o
N,i,s,a,n
N,i,s,e,y
N,i,s,t,e
N,i,s,u,s
N,i,t,e,r
N,i,t,r,e
N,i,t,r,e
N,i,t,i,d
N,i,t,i,d
N,i,t,r,e
N,i,t,r,y
N,i,t,t,y
N,i,t,t,y
N,i,v,a,l
N,i,x,i,e
N,i,z,a,m
N,o,b,b,y
N,o,b,l,e
N,o,b,l,e
N,o,b,l,e
N,o,b,l,e
N,o,b,l,e
N,o,b,l,e
N,o,b,l,e
N,o,b,l,y
N,o,b,l,y
N,o,b,l,y
N,o,d,a,l
N,o,d,d,y
N,o,d,d,y
N,o,d,d,y
N,o,d,d,y
N,o,d,d,y
N,o,d,d,y
N,o,g,h,t
N,o,i,e,r
N,o,i,l,s
N,o,i,n,t
N,o,i,s,e
N,o,i,s,e
N,o,i,s,e
N,o,i,s,e
N,o,i,s,e
N,o,i,s,e
N,o,i,s,e
N,o,i,s,y
N,o,i,s,y
N,o,l,d,e
N,o,m,a,d
N,o,m,a,d
N,o,m,e,n
N,o,m,i,c
N,o,m,i,c
N,o,n,c,e
N,o,n,d,a
N,o,n,d,o
N,o,n,e,s
N,o,n,e,s
N,o,n,e,s
N,o,n,e,t
N,o,n,n,e
N,o,n,n,y
N,o,n,y,l
N,o,o,s,e
N,o,o,s,e
N,o,p,a,l
N,o,r,i,a
N,o,r,i,e
N,o,r,m,a
N,o,r,m,a
N,o,r,m,a
N,o,r,n,a
N,o,r,n,a
N,o,r,s,e
N,o,r,s,e
N,o,r,t,h
N,o,r,t,h
N,o,r,t,h
N,o,r,t,h
N,o,r,t,h
N,o,r,t,h
N,o,s,e,d
N,o,s,e,d
N,o,s,e,l
N,o,s,l,e
N,o,t,a,l
N,o,t,c,h
N,o,t,c,h
N,o,t,c,h
N,o,t,c,h
N,o,t,e,d
N,o,t,e,d
N,o,t,e,r
N,o,t,e,r
N,o,t,u,m
N,o,t,u,s
N,o,u,c,h
N,o,u,l,d
N,o,u,l,e
N,o,v,e,l
N,o,v,e,l
N,o,v,e,l
N,o,v,e,l
N,o,v,e,l
N,o,v,u,m
N,o,w,a,y
N,o,w,c,h
N,o,w,e,d
N,o,w,e,l
N,o,w,e,l
N,o,w,e,l
N,o,w,e,l
N,o,w,e,s
N,o,y,a,u
N,o,y,e,r
N,o,y,l,s
N,o,z,l,e
N,u,b,i,a
N,u,c,h,/
N,u,c,h,a
N,u,c,i,n
N,u,c,l,e
N,u,d,g,e
N,u,d,g,e
N,u,g,a,e
O,a,k,e,n
O,a,k,e,r
O,a,k,u,m
O,a,k,u,m
O,a,r,e,d
O,a,r,e,d
O,a,r,e,d
O,a,r,e,d
O,a,s,e,s
O,a,s,i,s
O,a,t,e,n
O,a,t,e,n
O,a,t,h,s
O,b,e,a,h
O,b,e,a,h
P,a,a,g,e
P,a,a,r,d
P,a,c,e,d
P,a,c,e,d
P,a,c,e,r
P,a,c,h,a
P,a,c,o,s
P,a,c,o,s
P,a,d,a,r
P,a,d,d,y
P,a,d,d,y
P,a,d,d,y
P,a,d,g,e
P,a,d,o,w
P,a,e,a,n
P,a,e,a,n
P,a,e,a,n
P,a,e,o,n
P,a,g,a,n
P,a,g,a,n
P,a,g,e,d
P,a,g,o,d
P,a,g,o,d
P,a,i,e,n
P,a,i,n,s
P,a,i,n,t
P,a,i,n,t
P,a,i,n,t
P,a,i,n,t
P,a,i,n,t
P,a,i,n,t
P,a,i,n,t
P,a,i,n,t
P,a,i,n,t
P,a,i,s,e
P,a,l,e,d
P,a,l,e,a
P,a,l,e,a
P,a,l,e,a
P,a,l,e,d
P,a,l,e,d
P,a,l,e,t
P,a,l,l,a
P,a,l,e,t
Q,u,a,c,k
Q,u,a,c,k
Q,u,a,c,k
Q,u,a,c,k
Q,u,a,c,k
Q,u,a,c,k
Q,u,a,c,k
Q,u,a,d,e
R,a,a,s,h
R,a,b,a,t
R,a,b,b,i
R,a,b,i,d
R,a,b,i,d
R,a,b,i,d
R,a,b,i,d
R,a,b,o,t
R,a,c,e,d
R,a,c,e,r
R,a,c,e,r
R,a,c,e,r
R,a,c,h,e
R,a,c,l,e
R,a,d,d,e
R,a,d,i,i
R,a,d,i,i
R,a,d,i,x
R,a,d,i,x
R,a,d,i,x
R,a,d,i,x
R,a,f,t,e
R,a,f,t,y
R,a,g,e,d
R,a,g,g,y
R,a,i,a,e
R,a,i,n,y
R,a,i,s,e
R,a,i,s,e
R,a,i,s,e
R,a,i,s,e
R,a,i,s,e
R,a,i,s,e
R,a,i,s,e
R,a,i,s,e
R,a,i,s,e
R,a,i,s,e
R,a,i,s,e
R,a,i,s,e
R,a,i,s,e
R,a,i,s,e
R,a,i,s,e
R,a,i,s,e
R,a,i,s,e
R,a,i,s,e
R,a,i,s,e
R,a,i,s,e
R,a,j,a,h
R,a,k,e,d
R,a,k,e,l
R,a,k,e,r
R,a,k,e,r
R,a,k,e,r
R,a,k,e,r
R,a,k,e,r
R,a,l,l,y
R,a,l,l,y
R,a,l,l,y
R,a,l,l,y
R,a,l,l,y
R,a,l,l,y
R,a,l,l,y
R,a,l,l,y
R,a,l,l,y
R,a,l,p,h
R,a,m,a,l
R,a,m,e,d
R,a,m,e,e
R,a,m,i,e
R,a,m,m,y
R,a,m,p,e
R,a,m,u,s
R,a,n,a,l
R,a,n,c,e
R,a,n,c,e
R,a,n,c,h
R,a,n,c,h
R,a,n,e,e
R,a,n,g,e
R,a,n,g,e
R,a,n,g,e
R,a,n,g,e
R,a,n,g,e
R,a,n,g,e
R,a,n,g,e
R,a,n,g,e
R,a,n,g,e
R,a,n,g,e
R,a,n,g,e
R,a,n,g,e
R,a,n,g,e
R,a,n,g,e
R,a,n,g,e
R,a,n,g,e
R,a,n,g,e
R,a,n,g,e
R,a,n,g,e
R,a,n,g,e
R,a,n,g,e
R,a,n,g,e
R,a,n,g,e
R,a,n,g,e
R,a,n,g,e
R,a,n,g,e
R,a,n,g,e
R,a,n,n,y
R,a,n,t,y
R,a,p,h,e
R,a,p,h,e
R,a,p,i,d
R,a,p,i,d
R,a,p,i,d
R,a,p,i,d
R,a,s,e,d
R,a,s,p,y
R,a,s,s,e
R,a,t,a,n
R,a,t,c,h
R,a,t,c,h
R,a,t,e,d
R,a,t,e,l
R,a,t,e,r
R,a,t,e,r
R,a,t,h,e
R,a,t,h,e
R,a,t,i,o
R,a,t,i,o
R,a,t,o,n
R,a,v,e,d
R,a,v,e,l
R,a,v,e,l
R,a,v,e,l
R,a,v,e,l
R,a,v,e,l
R,a,v,e,l
R,a,v,e,n
R,a,v,e,n
R,a,v,e,n
R,a,v,e,n
R,a,v,e,n
R,a,v,e,n
R,a,v,e,n
R,a,v,e,r
R,a,v,i,n
R,a,v,i,n
R,a,v,i,n
R,a,w,l,y
R,a,w,l,y
R,a,y,e,d
R,a,y,a,h
R,a,y,o,n
R,a,z,e,d
R,a,z,e,d
R,a,z,e,e
R,a,z,e,e
R,a,z,o,r
R,a,z,o,r
R,e,a,c,h
R,e,a,c,h
R,e,a,c,h
R,e,a,c,h
R,e,a,c,h
R,e,a,c,h
R,e,a,c,h
R,e,a,c,h
R,e,a,c,h
R,e,a,c,h
R,e,a,c,h
R,e,a,c,h
R,e,a,c,h
R,e,a,c,h
R,e,a,c,h
R,e,a,c,h
R,e,a,c,h
R,e,a,c,h
R,e,a,c,h
R,e,a,c,h
R,e,a,c,h
R,e,a,c,h
R,e,a,c,t
R,e,a,c,t
R,e,a,c,t
R,e,a,d,y
R,e,a,d,y
R,e,a,d,y
R,e,a,d,y
R,e,a,d,y
R,e,a,d,y
R,e,a,d,y
R,e,a,d,y
R,e,a,d,y
R,e,a,d,y
R,e,a,l,m
R,e,a,l,m
R,e,a,m,e
R,e,a,t,a
R,e,a,v,e
R,e,b,e,c
R,e,b,e,c
R,e,b,e,l
R,e,b,e,l
R,e,b,e,l
R,e,b,e,l
R,e,b,u,s
R,e,b,u,s
R,e,b,u,s
R,e,b,u,t
R,e,b,u,t
R,e,b,u,t
R,e,b,u,t
R,e,c,t,o
R,e,c,t,o
R,e,c,t,i
R,e,c,u,r
R,e,c,u,r
R,e,c,u,r
R,e,d,a,n
R,e,d,a,n
R,e,d,d,e
R,e,d,i,a
R,e,d,l,y
R,e,d,u,b
R,e,e,d,y
R,e,e,d,y
R,e,e,f,y
R,e,e,k,y
R,e,e,k,y
R,e,e,v,e
R,e,e,v,e
R,e,e,v,e
R,e,f,a,r
R,e,f,e,l
R,e,f,e,r
R,e,f,e,r
R,e,f,e,r
R,e,f,e,r
R,e,f,e,r
R,e,f,e,r
R,e,f,e,r
R,e,f,i,t
R,e,f,i,t
R,e,f,i,t
R,e,f,i,x
R,e,f,u,t
R,e,g,a,l
R,e,g,a,l
R,e,g,e,l
R,e,g,e,t
R,e,g,l,e
R,e,g,m,a
R,e,g,n,e
R,e,i,g,n
R,e,i,g,n
R,e,i,g,n
R,e,i,g,n
R,e,i,g,n
R,e,i,g,n
R,e,i,n,s
R,e,i,n,s
R,e,k,n,e
R,e,l,a,x
R,e,l,a,x
R,e,l,a,x
R,e,l,a,x
R,e,l,a,x
R,e,l,a,x
R,e,l,a,x
R,e,l,a,x
R,e,l,a,x
R,e,l,a,y
R,e,l,a,y
R,e,l,a,y
R,e,l,a,y
R,e,l,a,y
R,e,l,a,y
R,e,l,i,c
R,e,l,i,c
R,e,l,i,c
R,e,l,i,k
R,e,m,i,t
R,e,m,i,t
R,e,m,i,t
R,e,m,i,t
R,e,m,i,t
R,e,m,i,t
R,e,m,i,t
R,e,m,i,t
R,e,m,i,t
R,e,m,i,x
R,e,m,u,e
R,e,n,a,l
R,e,n,a,y
R,e,n,e,w
R,e,n,e,w
R,e,n,e,w
R,e,n,e,w
R,e,n,e,w
R,e,n,e,w
R,e,n,n,e
R,e,n,n,e
R,e,n,t,e
R,e,p,a,y
R,e,p,a,y
R,e,p,a,y
R,e,p,e,l
R,e,p,e,l
R,e,p,e,l
R,e,p,l,y
R,e,p,l,y
R,e,p,l,y
R,e,p,l,y
R,e,p,l,y
R,e,s,a,w
R,e,s,e,t
R,e,s,e,t
R,e,s,e,t
R,e,s,e,t
R,e,s,e,t
R,e,s,i,n
R,e,s,o,w
R,e,s,t,y
R,e,t,c,h
R,e,t,c,h
R,e,t,e,x
R,e,t,r,y
R,e,t,t,e
R,e,u,l,e
R,e,u,m,e
R,e,v,e,l
R,e,v,e,l
R,e,v,e,l
R,e,v,e,l
R,e,v,e,l
R,e,v,e,t
R,e,v,i,e
R,e,v,i,e
R,e,v,i,e
R,e,v,i,e
R,e,w,e,t
R,e,w,i,n
R,e,w,l,e
R,e,w,m,e
R,e,w,t,h
R,e,g,e,s
R,e,y,s,e
R,e,y,s,e
R,h,e,a,e
R,h,e,i,c
R,h,e,i,n
R,h,e,u,m
R,h,e,u,m
R,h,i,m,e
R,h,i,n,e
R,h,i,n,o
R,h,o,m,b
R,h,o,m,b
R,h,u,m,b
R,h,y,m,e
R,h,y,m,e
R,h,y,m,e
R,h,y,m,e
R,h,y,m,e
R,h,y,m,e
R,h,y,m,e
R,h,y,m,e
R,i,a,n,t
R,i,b,a,n
R,i,b,e,s
R,i,d,e,n
R,i,d,e,r
R,i,d,e,r
R,i,d,e,r
R,i,d,e,r
R,i,d,e,r
R,i,d,e,r
R,i,d,e,r
R,i,d,e,r
R,i,d,e,r
R,i,d,e,r
R,i,d,e,r
R,i,d,g,e
R,i,d,g,e
R,i,d,g,e
R,i,d,g,e
R,i,d,g,e
R,i,d,g,e
R,i,d,g,e
R,i,d,g,e
R,i,d,g,y
R,i,f,l,e
R,i,f,l,e
R,i,f,l,e
R,i,f,l,e
R,i,f,l,e
R,i,f,l,e
R,i,f,l,e
R,i,f,l,e
R,i,f,l,e
R,i,f,l,e
R,i,g,e,l
R,i,g,h,t
R,i,g,h,t
R,i,g,h,t
R,i,g,h,t
R,i,g,h,t
R,i,g,h,t
R,i,g,h,t
R,i,g,h,t
R,i,g,h,t
R,i,g,h,t
R,i,g,h,t
R,i,g,h,t
R,i,g,h,t
R,i,g,h,t
R,i,g,h,t
R,i,g,h,t
R,i,g,h,t
R,i,g,h,t
R,i,g,h,t
R,i,g,h,t
R,i,g,h,t
R,i,g,h,t
R,i,g,h,t
R,i,g,h,t
R,i,g,h,t
R,i,g,h,t
R,i,g,h,t
R,i,g,h,t
R,i,g,h,t
R,i,g,h,t
R,i,g,h,t
R,i,g,h,t
R,i,g,h,t
R,i,g,i,d
R,i,g,i,d
R,i,g,o,l
R,i,g,o,r
R,i,g,o,r
R,i,g,o,r
R,i,g,o,r
R,i,g,o,r
R,i,g,o,r
R,i,g,o,r
R,i,g,o,r
R,i,g,o,r
R,i,l,e,d
R,i,l,l,e
R,i,m,a,e
R,i,m,e,d
R,i,m,e,r
R,i,m,e,r
R,i,m,e,y
R,i,n,d,y
R,i,n,e,d
R,i,n,s,e
R,i,n,s,e
R,i,n,s,e
R,i,p,e,n
R,i,p,e,n
R,i,p,e,n
R,i,p,e,n
R,i,s,e,n
R,i,s,e,n
R,i,s,e,n
R,i,s,e,r
R,i,s,e,r
R,i,s,e,r
R,i,s,e,r
R,i,s,e,r
R,i,s,k,y
R,i,s,s,e
R,i,v,a,l
R,i,v,a,l
R,i,v,a,l
R,i,v,a,l
R,i,v,a,l
R,i,v,a,l
R,i,v,e,d
R,i,v,e,d
R,i,v,e,n
R,i,v,e,l
R,i,v,e,l
R,i,v,e,n
R,i,v,e,r
R,i,v,e,r
R,i,v,e,r
R,i,v,e,r
R,i,v,e,t
R,i,v,e,t
R,i,v,e,t
R,i,v,e,t
R,o,a,c,h
R,o,a,c,h
R,o,a,c,h
R,o,a,c,h
R,o,a,c,h
R,o,a,c,h
R,o,a,c,h
R,o,a,s,t
R,o,a,s,t
R,o,a,s,t
R,o,a,s,t
R,o,a,s,t
R,o,a,s,t
R,o,a,s,t
R,o,a,s,t
R,o,a,s,t
R,o,a,s,t
R,o,b,e,d
R,o,b,i,n
R,o,b,i,n
R,o,b,i,n
R,o,b,i,n
R,o,c,h,e
R,o,c,k,y
R,o,c,k,y
R,o,c,k,y
R,o,c,o,a
R,o,d,d,y
R,o,d,d,y
R,o,d,e,o
R,o,d,g,e
R,o,g,u,e
R,o,g,u,e
R,o,g,u,e
R,o,g,u,e
R,o,g,u,e
R,o,g,u,e
R,o,g,u,e
R,o,g,u,e
R,o,g,u,y
R,o,h,o,b
R,o,i,a,l
R,o,i,l,y
R,o,i,n,t
R,o,i,s,t
R,o,k,e,e
R,o,m,a,n
R,o,m,a,n
R,o,m,a,n
R,o,m,a,n
R,o,m,a,n
R,o,m,a,n
R,o,m,i,c
R,o,m,p,u
R,o,n,c,o
R,o,n,d,e
R,o,n,d,o
R,o,n,d,o
R,o,n,n,e
R,o,o,d,y
R,o,o,f,y
R,o,o,k,y
R,o,o,m,y
R,o,o,s,t
R,o,o,s,t
R,o,o,s,t
R,o,o,s,t
R,o,o,s,t
R,o,o,s,t
R,o,o,t,y
R,o,p,e,d
R,o,p,e,r
R,o,p,e,r
R,o,p,e,r
R,o,r,a,l
R,o,r,i,c
R,o,r,i,d
R,o,s,e,n
R,o,s,e,r
R,o,s,e,t
R,o,s,i,n
R,o,s,i,n
R,o,t,a,l
R,o,t,e,d
R,o,t,t,a
R,o,u,e,t
R,o,u,g,e
R,o,u,g,e
R,o,u,g,e
R,o,u,g,e
R,o,u,g,e
R,o,u,g,h
R,o,u,g,h
R,o,u,g,h
R,o,u,g,h
R,o,u,g,h
R,o,u,g,h
R,o,u,g,h
R,o,u,g,h
R,o,u,g,h
R,o,u,g,h
R,o,u,g,h
R,o,u,g,h
R,o,u,g,h
R,o,u,g,h
R,o,u,g,h
R,o,u,g,h
R,o,u,g,h
R,o,u,g,h
R,o,u,g,h
R,o,u,n,d
R,o,u,n,d
R,o,u,n,d
R,o,u,n,d
R,o,u,n,d
R,o,u,n,d
R,o,u,n,d
R,o,u,n,d
R,o,u,n,d
R,o,u,n,d
R,o,u,n,d
R,o,u,n,d
R,o,u,n,d
R,o,u,n,d
R,o,u,n,d
R,o,u,n,d
R,o,u,n,d
R,o,u,n,d
R,o,u,n,d
R,o,u,n,d
R,o,u,n,d
R,o,u,n,d
R,o,u,n,d
R,o,u,n,d
R,o,u,n,d
R,o,u,n,d
R,o,u,n,d
R,o,u,n,d
R,o,u,n,d
R,o,u,n,d
R,o,u,n,d
R,o,u,n,d
R,o,u,n,d
R,o,u,n,d
R,o,u,n,d
R,o,u,n,d
R,o,u,n,d
R,o,u,n,d
R,o,u,n,d
R,o,u,n,d
R,o,u,n,d
R,o,u,n,d
R,o,u,n,d
R,o,u,n,d
R,o,u,n,d
R,o,u,n,d
R,o,u,s,e
R,o,u,s,e
R,o,u,s,e
R,o,u,s,e
R,o,u,s,e
R,o,u,s,e
R,o,u,s,e
R,o,u,s,e
R,o,u,s,e
R,o,u,s,e
R,o,u,s,e
R,o,u,s,t
R,o,u,s,t
R,o,u,t,e
R,o,v,e,d
R,o,v,e,r
R,o,v,e,r
R,o,v,e,r
R,o,v,e,r
R,o,v,e,r
R,o,v,e,r
R,o,w,e,d
R,o,w,a,n
R,o,w,d,y
R,o,w,e,d
R,o,w,e,l
R,o,w,e,l
R,o,w,e,l
R,o,w,e,l
R,o,w,e,n
R,o,w,e,n
R,o,w,e,r
R,o,y,a,l
R,o,y,a,l
R,o,y,a,l
R,o,y,a,l
R,o,y,a,l
R,o,y,a,l
R,o,y,a,l
R,o,y,a,l
R,o,y,a,l
R,o,y,n,e
R,u,b,i,n
R,u,b,l,e
R,u,b,u,s
R,u,c,h,e
R,u,c,h,e
R,u,d,d,y
R,u,d,d,y
R,u,d,d,y
R,u,i,n,g
R,u,f,f,e
R,u,f,o,l
R,u,g,a,e
R,u,g,g,y
R,u,g,i,n
R,u,l,e,d
R,u,l,e,r
R,u,l,e,r
R,u,m,b,o
R,u,m,e,n
R,u,m,e,n
R,u,m,m,y
R,u,m,m,y
R,u,m,m,y
R,u,m,o,r
R,u,m,o,r
R,u,m,o,r
R,u,m,o,r
R,u,n,c,h
R,u,n,e,r
R,u,n,i,c
R,u,n,t,y
R,u,p,e,e
R,u,p,i,a
R,u,r,a,l
R,u,r,a,l
R,u,s,h,y
R,u,s,h,y
R,u,s,m,a
R,u,s,t,y
R,u,s,t,y
R,u,s,t,y
R,u,s,t,y
R,u,s,t,y
R,u,s,t,y
R,u,s,t,y
R,u,t,i,c
R,u,t,i,n
R,u,t,t,y
R,u,t,t,y
R,u,t,t,y
R,y,d,e,r
R,y,d,e,r
S,a,a,d,h
S,a,b,a,l
S,a,b,e,r
S,a,b,r,e
S,a,b,e,r
S,a,b,r,e
S,a,b,l,e
S,a,b,l,e
S,a,b,l,e
S,a,b,l,e
S,a,b,l,e
S,a,b,l,e
S,a,b,o,t
S,a,b,o,t
S,a,b,r,e
S,a,c,a,r
S,a,c,c,i
S,a,c,r,e
S,a,c,r,e
s,a,c,r,a
S,a,d,d,a
S,a,d,l,y
S,a,d,l,y
S,a,d,l,y
S,a,g,a,s
S,a,g,u,m
S,a,g,u,s
S,a,h,i,b
S,a,h,e,b
S,a,h,u,i
S,a,i,g,a
S,a,i,l,y
S,a,i,n,t
S,a,i,n,t
S,a,i,n,t
S,a,i,n,t
S,a,i,n,t
S,a,i,t,h
S,a,i,v,a
S,a,j,o,u
S,a,k,e,r
S,a,k,e,r
S,a,k,e,r
S,a,k,t,i
S,a,l,a,d
S,a,l,a,d
S,a,l,a,m
S,a,l,e,b
S,a,l,e,p
S,a,l,i,c
S,a,l,i,x
S,a,l,i,x
S,a,l,l,y
S,a,l,l,y
S,a,l,l,y
S,a,l,l,y
S,a,l,l,y
S,a,l,l,y
S,a,l,m,i
S,a,l,o,l
S,a,l,o,n
S,a,l,p,a
S,a,l,s,e
S,a,l,t,y
S,a,l,u,e
S,a,l,v,e
S,a,l,v,e
S,a,l,v,e
S,a,l,v,e
S,a,l,v,e
S,a,l,v,e
S,a,l,v,e
S,a,l,v,o
S,a,l,v,o
S,a,l,v,o
S,a,m,b,o
S,a,n,d,y
S,a,n,d,y
S,a,n,g,a
S,a,n,g,u
S,a,n,n,y
S,a,p,i,d
S,a,p,o,r
S,a,p,p,y
S,a,p,p,y
S,a,p,p,y
S,a,p,p,y
S,a,p,p,y
S,a,r,e,e
S,a,r,g,o
S,a,r,o,s
S,a,r,p,o
S,a,r,s,a
S,a,r,s,e
S,a,r,s,e
S,a,s,i,n
S,a,s,s,e
S,a,t,a,n
S,a,t,e,d
S,a,t,i,n
S,a,t,l,e
S,a,t,y,r
S,a,t,y,r
S,a,t,y,r
S,a,u,c,e
S,a,u,c,e
S,a,u,c,e
S,a,u,c,e
S,a,u,c,e
S,a,u,c,e
S,a,u,c,e
S,a,u,c,e
S,a,u,c,e
S,a,u,c,y
S,a,u,c,y
S,a,u,g,h
S,a,u,k,s
S,a,u,l,t
S,a,u,r,y
S,a,u,t,e
S,a,u,t,e
S,a,v,e,d
S,a,v,e,r
S,a,v,i,n
S,a,v,o,r
S,a,v,o,r
S,a,v,o,r
S,a,v,o,r
S,a,v,o,r
S,a,v,o,r
S,a,v,o,r
S,a,v,o,r
S,a,v,o,r
S,a,v,o,r
S,a,v,o,y
S,a,w,e,d
S,a,w,e,d
S,a,w,e,r
S,a,x,o,n
S,a,x,o,n
S,a,x,o,n
S,a,x,o,n
S,a,x,o,n
S,a,x,o,n
S,a,x,o,n
S,a,y,e,r
S,a,y,n,d
S,c,a,l,a
S,c,a,l,a
S,c,a,l,d
S,c,a,l,d
S,c,a,l,d
S,c,a,l,d
S,c,a,l,d
S,c,a,l,d
S,c,a,l,d
S,c,a,l,e
S,c,a,l,e
S,c,a,l,e
S,c,a,l,e
S,c,a,l,e
S,c,a,l,e
S,c,a,l,e
S,c,a,l,e
S,c,a,l,e
S,c,a,l,e
S,c,a,l,e
S,c,a,l,e
S,c,a,l,e
S,c,a,l,e
S,c,a,l,e
S,c,a,l,e
S,c,a,l,e
S,c,a,l,e
S,c,a,l,e
S,c,a,l,e
S,c,a,l,e
S,c,a,l,e
S,c,a,l,e
S,c,a,l,e
S,c,a,l,e
S,c,a,l,e
S,c,a,l,e
S,c,a,l,l
S,c,a,l,l
S,c,a,l,p
S,c,a,l,p
S,c,a,l,p
S,c,a,l,p
S,c,a,l,p
S,c,a,l,p
S,c,a,l,p
S,c,a,l,p
S,c,a,l,y
S,c,a,l,y
S,c,a,l,y
S,c,a,l,y
S,c,a,m,p
S,c,a,m,p
S,c,a,n,t
S,c,a,n,t
S,c,a,n,t
S,c,a,n,t
S,c,a,n,t
S,c,a,n,t
S,c,a,n,t
S,c,a,p,e
S,c,a,p,e
S,c,a,p,e
S,c,a,p,e
S,c,a,p,e
S,c,a,p,e
S,c,a,p,e
S,c,a,p,e
S,c,a,p,e
S,c,a,r,d
S,c,a,r,e
S,c,a,r,e
S,c,a,r,f
S,c,a,r,f
S,c,a,r,f
S,c,a,r,f
S,c,a,r,f
S,c,a,r,f
S,c,a,r,f
S,c,a,r,f
S,c,a,r,n
S,c,a,r,p
S,c,a,r,p
S,c,a,r,p
S,c,a,r,p
S,c,a,r,y
S,c,a,r,y
S,c,a,r,y
S,c,a,t,t
S,c,a,t,e
S,c,a,t,h
S,c,a,t,h
S,c,a,u,p
S,c,a,u,p
S,c,a,u,r
S,c,e,n,a
S,c,e,n,a
S,c,e,n,e
S,c,e,n,e
S,c,e,n,e
S,c,e,n,e
S,c,e,n,e
S,c,e,n,e
S,c,e,n,e
S,c,e,n,e
S,c,e,n,t
S,c,e,n,t
S,c,e,n,t
S,c,e,n,t
S,c,e,n,t
S,c,e,n,t
S,c,e,n,t
S,c,e,r,n
S,c,h,a,h
S,c,i,n,k
S,c,i,n,k
S,c,i,o,n
S,c,i,o,n
S,c,i,o,n
S,c,i,o,t
S,c,i,o,t
S,c,i,s,e
S,c,l,a,v
S,c,o,a,t
S,c,o,b,s
S,c,o,b,s
S,c,o,f,f
S,c,o,f,f
S,c,o,f,f
S,c,o,f,f
S,c,o,k,e
S,c,o,l,d
S,c,o,l,d
S,c,o,l,d
S,c,o,l,d
S,c,o,l,e
S,c,o,m,m
S,c,o,m,m
S,c,o,n,e
S,c,o,o,p
S,c,o,o,p
S,c,o,o,p
S,c,o,o,p
S,c,o,o,p
S,c,o,o,p
S,c,o,o,p
S,c,o,o,p
S,c,o,o,p
S,c,o,o,t
S,c,o,p,e
S,c,o,p,e
S,c,o,p,e
S,c,o,p,e
S,c,o,p,e
S,c,o,r,e
S,c,o,r,e
S,c,o,r,e
S,c,o,r,e
S,c,o,r,e
S,c,o,r,e
S,c,o,r,e
S,c,o,r,e
S,c,o,r,e
S,c,o,r,e
S,c,o,r,e
S,c,o,r,e
S,c,o,r,e
S,c,o,r,e
S,c,o,r,e
S,c,o,r,e
S,c,o,r,n
S,c,o,r,n
S,c,o,r,n
S,c,o,r,n
S,c,o,r,n
S,c,o,r,n
S,c,o,t,h
S,c,o,t,s
S,c,o,u,r
S,c,o,u,r
S,c,o,u,r
S,c,o,u,r
S,c,o,u,r
S,c,o,u,r
S,c,o,u,r
S,c,o,u,r
S,c,o,u,r
S,c,o,u,t
S,c,o,u,t
S,c,o,u,t
S,c,o,u,t
S,c,o,u,t
S,c,o,u,t
S,c,o,u,t
S,c,o,u,t
S,c,o,u,t
S,c,o,u,t
S,c,o,w,l
S,c,o,w,l
S,c,o,w,l
S,c,o,w,l
S,c,o,w,l
S,c,o,w,l
S,c,r,a,g
S,c,r,a,g
S,c,r,a,g
S,c,r,a,p
S,c,r,a,p
S,c,r,a,p
S,c,r,a,p
S,c,r,a,t
S,c,r,a,t
S,c,r,a,t
S,c,r,a,w
S,c,r,a,y
S,c,r,e,e
S,c,r,e,w
S,c,r,e,w
S,c,r,e,w
S,c,r,e,w
S,c,r,e,w
S,c,r,e,w
S,c,r,e,w
S,c,r,e,w
S,c,r,e,w
S,c,r,e,w
S,c,r,e,w
S,c,r,e,w
S,c,r,e,w
S,c,r,e,w
S,c,r,e,w
S,c,r,e,w
S,c,r,e,w
S,c,r,i,d
S,c,r,i,m
S,c,r,i,m
S,c,r,i,p
S,c,r,i,p
S,c,r,i,p
S,c,r,i,p
S,c,r,i,t
S,c,r,o,d
S,c,r,o,g
S,c,r,o,w
S,c,r,o,w
S,c,r,u,b
S,c,r,u,b
S,c,r,u,b
S,c,r,u,b
S,c,r,u,b
S,c,r,u,b
S,c,r,u,b
S,c,r,u,b
S,c,u,d,i
S,c,u,d,o
S,c,u,d,o
S,c,u,f,f
S,c,u,f,f
S,c,u,l,k
S,c,u,l,l
S,c,u,l,l
S,c,u,l,l
S,c,u,l,l
S,c,u,l,l
S,c,u,l,l
S,c,u,l,l
S,c,u,l,l
S,c,u,l,p
S,c,u,r,f
S,c,u,r,f
S,c,u,r,f
S,c,u,r,f
S,c,u,t,a
S,c,u,t,e
S,c,u,t,e
S,c,u,t,e
S,c,u,t,a
S,c,y,l,e
S,e,l,c,h
S,e,a,m,y
T,a,b,b,y
T,a,b,b,y
T,a,b,b,y
T,a,b,b,y
T,a,b,b,y
T,a,b,b,y
T,a,b,b,y
T,a,b,e,r
T,a,b,e,s
T,a,b,i,d
T,a,b,l,e
T,a,b,l,e
T,a,b,l,e
T,a,b,l,e
T,a,b,l,e
T,a,b,l,e
T,a,b,l,e
T,a,b,l,e
T,a,b,l,e
T,a,b,l,e
T,a,b,l,e
T,a,b,l,e
T,a,b,l,e
T,a,b,l,e
T,a,b,l,e
T,a,b,l,e
T,a,b,l,e
T,a,b,l,e
T,a,b,l,e
T,a,b,l,e
T,a,b,l,e
T,a,b,l,e
T,a,b,l,e
T,a,b,l,e
T,a,b,l,e
T,a,b,l,e
T,a,b,l,e
T,a,b,l,e
T,a,b,l,e
T,a,b,l,e
T,a,b,o,o
T,a,b,o,o
T,a,b,o,r
T,a,b,o,r
T,a,b,o,r
T,a,b,o,r
T,a,c,e,t
T,a,c,h,e
T,a,c,h,e
T,a,c,i,t
T,a,c,k,y
T,a,',e,n
T,a,f,f,y
T,a,f,f,y
T,a,f,i,a
T,a,i,n,t
T,a,i,n,t
T,a,i,n,t
T,a,i,n,t
T,a,i,n,t
T,a,i,n,t
T,a,i,n,t
T,a,i,n,t
T,a,i,n,t
T,a,i,n,t
T,a,i,n,t
T,a,i,n,t
T,a,i,r,a
T,a,i,r,n
T,a,k,e,n
T,a,k,e,r
T,a,l,e,d
U,d,d,e,r
U,d,d,e,r
U,h,l,a,n
U,h,l,a,n
U,k,a,s,e
U,l,c,e,r
U,l,c,e,r
U,l,c,e,r
U,l,e,m,a
U,l,l,e,t
U,l,m,i,c
U,l,m,i,n
U,l,m,u,s
U,l,n,a,r
U,l,t,r,a
U,l,t,r,a
U,l,u,l,a
U,m,b,e,l
U,m,b,e,r
U,m,b,e,r
U,m,b,e,r
U,m,b,e,r
U,m,b,e,r
U,m,b,e,r
U,m,b,o,s
U,m,b,r,a
U,m,b,r,a
U,m,b,r,a
U,m,b,r,a
U,m,b,r,e
U,n,a,p,t
U,n,a,p,t
U,n,a,p,t
U,n,a,r,m
U,n,a,r,m
U,n,b,a,g
U,n,b,a,r
U,n,b,a,y
U,n,b,e,d
U,n,b,i,d
U,n,b,i,t
U,n,b,o,w
U,n,b,o,x
U,n,b,o,y
U,n,c,a,p
U,n,c,i,a
U,n,c,i,a
U,n,c,l,e
U,n,c,l,e
U,n,c,u,s
U,n,c,u,t
U,n,c,u,t
U,n,d,a,m
U,n,d,e,r
U,n,d,e,r
U,n,d,e,r
U,n,d,e,r
U,n,d,e,r
U,n,d,e,r
U,n,d,e,r
U,n,d,i,d
U,n,d,u,e
U,n,d,u,e
U,n,d,u,e
U,b,e,t,h
U,n,f,i,t
U,n,f,i,t
U,n,f,i,x
U,n,f,i,x
U,n,g,e,t
U,n,g,k,a
U,n,g,o,d
U,n,g,o,d
U,n,g,o,t
U,n,h,a,p
U,n,h,a,t
U,n,i,a,t
U,n,i,f,y
U,n,i,o,n
U,n,i,o,n
U,n,i,o,n
U,n,i,o,n
U,n,i,o,n
U,n,i,o,n
U,n,i,o,n
U,n,i,o,n
U,n,i,t,e
U,n,i,t,e
U,n,i,t,e
U,n,i,t,e
U,n,i,t,e
U,n,i,t,y
U,n,i,t,y
U,n,i,t,y
U,n,i,t,y
U,n,i,t,y
U,n,i,t,y
U,n,k,e,d
U,n,k,e,d
U,n,k,l,e
U,n,l,a,p
U,n,l,a,w
U,n,l,a,w
U,n,l,a,w
U,n,l,a,w
U,n,l,a,w
U,n,l,a,y
U,n,m,a,n
U,n,m,a,n
U,n,m,a,n
U,n,m,a,n
U,n,m,e,w
U,n,n,u,n
U,n,o,i,l
U,n,p,a,y
U,n,p,e,g
U,n,p,e,n
U,n,p,i,n
U,n,r,i,g
U,n,r,i,p
U,n,s,a,d
U,n,s,a,y
U,n,s,e,t
U,n,s,e,w
U,n,s,e,x
U,n,s,i,n
U,n,t,i,e
U,n,t,i,e
U,n,t,i,e
U,n,t,i,e
U,n,t,i,l
U,n,t,i,l
U,n,t,i,l
U,n,w,i,t
U,n,w,i,t
U,p,b,a,r
U,p,b,a,r
U,p,e,n,d
U,p,h,a,f
U,p,h,e,r
U,p,l,a,y
U,p,p,e,r
U,p,p,e,r
U,p,r,u,n
U,p,s,e,t
U,p,s,e,t
U,p,s,e,t
U,p,s,e,t
U,p,s,e,t
U,p,s,e,t
U,p,s,e,t
U,p,s,e,t
U,p,s,u,n
U,p,t,i,e
U,p,u,p,a
U,p,y,a,t
U,r,a,l,i
U,r,a,r,e
U,r,a,r,i
U,r,a,t,e
U,r,b,a,n
U,r,b,a,n
U,r,e,a,l
U,r,e,d,o
U,r,e,d,o
U,r,g,e,d
U,r,g,e,r
U,r,i,n,e
U,r,i,n,e
U,r,i,t,e
U,r,i,t,h
U,r,n,a,l
U,r,s,a,l
U,r,s,o,n
U,r,s,u,k
U,r,s,u,s
U,r,u,b,u
U,s,a,g,e
U,s,a,g,e
U,s,a,g,e
U,s,a,g,e
U,s,a,g,e
U,s,a,n,t
U,s,i,n,g
U,s,h,e,r
U,s,h,e,r
U,s,h,e,r
U,s,n,e,a
U,s,n,i,c
U,s,u,a,l
U,s,u,r,e
U,s,u,r,e
U,s,u,r,p
U,s,u,r,p
U,s,u,r,y
U,s,u,r,y
U,s,u,r,y
U,t,i,c,a
U,t,i,l,e
U,t,t,e,r
U,t,t,e,r
U,t,t,e,r
U,t,t,e,r
U,t,t,e,r
U,t,t,e,r
U,t,t,e,r
U,t,t,e,r
U,v,a,t,e
U,v,r,o,u
U,v,u,l,a
U,z,e,m,a
V,a,c,u,a
V,a,g,a,l
V,a,g,u,e
V,a,g,u,e
V,a,g,u,e
V,a,g,u,e
V,a,g,u,e
V,a,g,u,e
V,a,g,u,s
V,a,g,u,s
V,a,i,r,y
V,a,l,e,t
V,a,l,e,t
V,a,l,i,d
V,a,l,i,d
V,a,l,i,d
V,a,l,l,a
V,a,l,o,r
V,a,l,o,r
V,a,l,o,r
V,a,l,u,e
V,a,l,u,e
V,a,l,u,e
V,a,l,u,e
V,a,l,u,e
V,a,l,u,e
V,a,l,u,e
V,a,l,u,e
V,a,l,u,e
V,a,l,u,e
V,a,l,u,e
V,a,l,v,e
V,a,l,v,e
V,a,l,v,e
V,a,l,v,e
V,a,l,v,e
V,a,l,v,e
V,a,l,v,e
V,a,p,i,d
V,a,p,o,r
V,a,p,o,r
V,a,p,o,r
V,a,p,o,r
V,a,p,o,r
V,a,p,o,r
V,a,p,o,r
V,a,p,o,r
V,a,p,o,r
V,a,p,o,r
V,a,r,a,n
V,a,r,e,c
V,a,r,i,x
V,a,r,i,x
V,a,s,t,y
V,a,s,u,m
V,a,u,l,t
V,a,u,l,t
V,a,u,l,t
V,a,u,l,t
V,a,u,l,t
V,a,u,l,t
V,a,u,l,t
V,a,u,l,t
V,a,u,l,t
V,a,u,l,t
V,a,u,n,t
V,a,u,n,t
V,a,u,n,t
V,a,u,n,t
V,a,u,n,t
V,a,u,t,y
V,e,d,r,o
V,e,e,r,y
V,e,i,n,y
V,e,l,a,r
V,e,l,a,r
V,e,l,u,m
V,e,l,u,m
V,e,l,u,m
V,e,l,u,m
V,e,l,u,m
V,e,l,u,m
V,e,n,a,e
V,e,n,a,l
V,e,n,a,l
V,e,n,d,s
V,e,n,e,w
V,e,n,e,y
V,e,n,g,e
V,e,n,o,m
V,e,n,o,m
V,e,n,o,m
V,e,n,u,e
V,e,n,u,e
V,e,n,u,s
V,e,n,u,s
V,e,n,u,s
V,e,n,u,s
V,e,r,g,e
V,e,r,g,e
V,e,r,g,e
V,e,r,g,e
V,e,r,g,e
V,e,r,g,e
V,e,r,g,e
V,e,r,g,e
V,e,r,g,e
V,e,r,g,e
V,e,r,g,e
V,e,r,g,e
V,e,r,g,e
V,e,r,g,e
V,e,r,g,e
V,e,r,s,e
V,e,r,s,e
V,e,r,s,e
V,e,r,s,e
V,e,r,s,e
V,e,r,s,e
V,e,r,s,e
V,e,r,s,e
V,e,r,s,e
V,e,r,s,o
V,e,r,s,t
V,e,r,t,u
V,e,r,t,u
V,e,r,v,e
V,e,s,p,a
V,e,s,t,a
V,e,s,t,a
V,e,s,t,a
V,e,t,c,h
V,e,x,e,d
V,e,x,e,d
V,e,x,e,d
V,e,x,e,r
V,e,x,i,l
V,i,a,g,e
V,i,a,n,d
V,i,a,r,y
V,i,c,a,r
V,i,c,a,r
V,i,c,e,d
V,i,c,e,d
W,a,c,k,e
W,a,c,k,y
W,a,d,e,d
W,a,d,e,d
W,a,d,e,r
W,a,d,e,r
W,a,f,e,r
W,a,f,e,r
W,a,f,e,r
W,a,f,e,r
W,a,g,e,d
W,a,g,e,l
W,a,g,e,r
W,a,g,e,r
W,a,g,e,r
W,a,g,e,r
W,a,g,e,r
W,a,g,e,s
W,a,g,o,n
W,a,g,o,n
W,a,g,o,n
W,a,g,o,n
W,a,g,o,n
W,a,g,o,n
W,a,i,f,t
W,a,i,s,t
W,a,i,s,t
W,a,i,s,t
W,a,i,s,t
W,a,i,v,e
W,a,i,v,e
W,a,i,v,e
W,a,i,v,e
W,a,i,v,e
W,a,i,v,e
W,a,i,v,e
W,a,k,e,d
W,a,k,e,n
W,a,k,e,n
W,a,k,e,n
W,a,k,e,r
W,a,l,t,y
W,a,l,t,z
W,a,l,t,z
W,a,l,w,e
W,a,n,d,y
W,a,n,e,d
W,a,n,e,y
W,a,n,g,o
W,a,n,l,y
W,a,n,t,y
W,a,n,z,e
W,a,p,e,d
W,a,r,e,s
W,a,r,l,y
W,a,r,r,e
W,a,r,r,y
W,a,r,t,y
W,a,r,t,y
W,a,r,y,e
W,a,s,h,y
W,a,s,h,y
W,a,s,h,y
W,a,s,t,e
W,a,s,t,e
W,a,s,t,e
W,a,s,t,e
W,a,s,t,e
W,a,s,t,e
W,a,s,t,e
W,a,s,t,e
W,a,s,t,e
W,a,s,t,e
W,a,s,t,e
W,a,s,t,e
W,a,s,t,e
W,a,s,t,e
W,a,t,c,h
W,a,t,c,h
W,a,t,c,h
W,a,t,c,h
W,a,t,c,h
W,a,t,c,h
W,a,t,c,h
W,a,t,c,h
W,a,t,c,h
W,a,t,c,h
W,a,t,c,h
W,a,t,c,h
W,a,t,c,h
W,a,t,c,h
W,a,t,e,r
W,a,t,e,r
W,a,t,e,r
W,a,t,e,r
W,a,t,e,r
W,a,t,e,r
W,a,t,e,r
W,a,t,e,r
W,a,t,e,r
W,a,t,e,r
W,a,t,e,r
W,a,t,e,r
W,a,t,e,r
X,e,b,e,c
X,e,n,i,a
X,e,n,y,l
X,e,r,e,s
X,e,r,i,f
X,y,l,e,m
X,y,l,i,c
X,y,l,o,l
X,y,l,y,l
X,y,r,i,s
Y,a,c,c,a
Y,a,c,h,t
Y,a,c,h,t
Y,a,g,e,r
Y,a,k,i,n
Y,a,l,a,h
Y,a,m,m,a
Y,a,p,o,n
Y,a,r,k,e
Y,a,u,l,p
Y,a,w,e,d
Y,d,r,a,d
Y,e,a,r,a
Y,e,a,r,n
Y,e,a,r,n
Y,e,a,r,n
Y,e,a,r,n
Y,e,a,s,t
Y,e,a,s,t
Y,e,a,s,t
Y,e,m,a,n
Y,e,r,b,a
Y,e,r,n,e
Y,e,r,s,t
Y,e,s,t,y
Y,e,v,e,n
Y,e,w,e,n
Y,e,z,d,i
Y,f,e,r,e
Y,i,e,l,d
Y,i,e,l,d
Y,i,e,l,d
Y,i,e,l,d
Y,i,e,l,d
Y,i,e,l,d
Y,i,e,l,d
Y,i,e,l,d
Y,i,e,l,d
Y,i,e,l,d
Y,i,e,l,d
Y,l,i,k,e
Y,o,d,e,l
Y,o,d,l,e
Y,o,d,e,l
Y,o,d,l,e
Y,o,j,a,n
Y,o,k,e,d
Y,o,k,e,l
Y,o,u,n,g
Y,o,u,n,g
Y,o,u,n,g
Y,o,u,n,g
Y,o,u,r,s
Y,o,u,t,h
Y,o,u,t,h
Y,o,u,t,h
Y,o,u,t,h
Y,o,u,t,h
Y,o,u,z,e
Y,r,a,f,t
Y,s,a,m,e
Y,u,c,c,a
Y,u,c,c,a
Y,u,f,t,s
Y,u,l,a,n
Y,u,m,a,s
Y,u,p,o,n
Z,a,c,c,o
Z,a,m,b,o
Z,a,m,i,a
Z,a,n,t,e
Z,a,y,a,t
Z,e,b,e,c
Z,e,b,r,a
Z,e,b,u,b
Z,e,m,n,i
Z,e,n,i,k
Z,e,r,d,a
Z,e,r,o,s
Z,i,b,e,t
Z,i,e,g,a
Z,i,l,l,a
Z,i,n,k,y
Z,i,z,e,l
